Series Name,Series Code,Country Name,Country Code,2003 [YR2003],2004 [YR2004],2005 [YR2005],2006 [YR2006],2007 [YR2007],2008 [YR2008],2009 [YR2009],2010 [YR2010],2011 [YR2011],2012 [YR2012],2013 [YR2013],2014 [YR2014],2015 [YR2015],2016 [YR2016],2017 [YR2017],2018 [YR2018],2019 [YR2019],2020 [YR2020],2021 [YR2021],2022 [YR2022]
GDP growth (annual %),NY.GDP.MKTP.KD.ZG,Afghanistan,AFG,8.83227781263571,1.41411798058979,11.2297148236429,5.35740325126351,13.8263195479763,3.92498382161573,21.3905283931066,14.3624414692681,0.426354784529209,12.7522870887171,5.60074465808154,2.72454336394854,1.45131466009755,2.26031420130452,2.64700320195786,1.18922812838034,3.911603419423,-2.35110067344623,-20.6999999939715,..
GDP growth (annual %),NY.GDP.MKTP.KD.ZG,Albania,ALB,5.52863746491788,5.51466791097914,5.52642424695465,5.90265903591924,5.98325951855567,7.50004143020151,3.35428934987461,3.70693815255319,2.54540614450104,1.4172427999078,1.00201754071108,1.77444885260394,2.21872637517804,3.31498068384137,3.80259872019053,4.01934561695576,2.08771199649604,-3.30208203862541,8.90852781831182,4.84423589539303
GDP growth (annual %),NY.GDP.MKTP.KD.ZG,Algeria,DZA,7.20000000046512,4.29999999976991,5.89999999966911,1.70000000049772,3.39999999955816,2.40000000008489,1.60000000037586,3.60000000003535,2.89999999946306,3.40000000029599,2.8,3.80000000016804,3.69999999958893,3.20000000006691,1.29999999991843,1.20000000049063,0.999999999741789,-5.10000000018678,3.40000000034198,3.09999999986282
GDP growth (annual %),NY.GDP.MKTP.KD.ZG,American Samoa,ASM,0.965517241379317,0.409836065573771,-0.408163265306129,-4.09836065573771,1.85185185185186,-2.65734265734265,-4.16666666666666,0.299850074962521,0,-4.33482810164425,-2.5,1.76282051282051,3.14960629921259,-1.67938931297709,-6.98757763975155,2.6711185308848,-0.487804878048777,5.06535947712419,-1.86625194401245,..
GDP growth (annual %),NY.GDP.MKTP.KD.ZG,Andorra,AND,8.69420371612468,8.13567633837351,5.39779598500422,4.80868869916921,1.55318814103222,-5.55918636850581,-5.30284654348291,-1.97495799965345,-0.00806975341139093,-4.97444371853503,-3.54759651549344,2.50446552114518,1.43414039522716,3.70967806978986,0.346071889630295,1.58876549046354,2.01554763848308,-11.1839399355384,8.28719978108489,8.80957934841771
GDP growth (annual %),NY.GDP.MKTP.KD.ZG,Angola,AGO,2.99000000000001,10.95,15.03,11.55,14.0100000000001,11.17,0.860000000000284,4.398375937818,3.47205314798103,8.54210707584141,4.95461303112738,4.82255926962156,0.943571561325001,-2.5801112218828,-0.147149825449205,-1.31636168896895,-0.702272957616017,-5.63821471714934,1.19921052145153,3.04540300954928
GDP growth (annual %),NY.GDP.MKTP.KD.ZG,Antigua and Barbuda,ATG,6.07654368848398,5.7670286118037,6.47383131641992,12.7081485327737,9.31538316339753,-0.0143406519435985,-11.9626972488343,-7.84059474412172,-1.95861262834343,3.37286620031867,-0.600876396735046,3.79572761294251,3.82529309880827,5.49645920357835,3.1446382390278,6.82376223109907,4.34405983052592,-17.5021850332755,6.55489981833459,8.45873332502183
GDP growth (annual %),NY.GDP.MKTP.KD.ZG,Argentina,ARG,8.83704079576924,9.02957330068152,8.85165992013437,8.04715150043027,9.00765087504757,4.05723310346406,-5.91852507634947,10.1253981561002,6.00395169280579,-1.0264204544321,2.40532378079436,-2.51261532081394,2.73115982828944,-2.08032784377811,2.81850297775918,-2.61739646282038,-2.00086100285785,-9.94323513446069,10.3982494646904,5.2430444992488
GDP growth (annual %),NY.GDP.MKTP.KD.ZG,Armenia,ARM,14.0000000015501,10.4999999988202,13.8999999991133,13.1999999994661,13.7000000015467,6.90000000042959,-14.1000000006998,2.2000000002151,4.69999999867412,7.20000000096486,3.3,3.60000000058993,3.19999999896625,0.199999999825991,7.50000000164144,5.19999999965324,7.59999999853918,-7.19999999920631,5.69999999864019,12.6
GDP growth (annual %),NY.GDP.MKTP.KD.ZG,Aruba,ABW,1.12087912087912,7.28102586394262,-0.384927066450572,1.13890583689242,3.09672230042229,1.83343085625123,-11.6835855200153,-2.73259596616786,3.36677814938685,-1.03537532355479,6.42981691368789,-0.0204792135982075,3.54362965997541,2.11671612265083,5.48237117396357,5.257854912764,0.635029787882658,-18.5890992393899,17.172508597974,..
GDP growth (annual %),NY.GDP.MKTP.KD.ZG,Australia,AUS,3.1113982078941,4.21663327252608,3.15375271041142,2.74063570365783,3.77791678266478,3.5682700322582,1.87048696091408,2.20656631017093,2.3913851323057,3.902007806318,2.57875428825342,2.57901711177597,2.1527359059391,2.73054799209893,2.28218364248465,2.88304512347683,2.1713962244835,-0.0508853360838941,2.23621243944461,3.61758857230203
GDP growth (annual %),NY.GDP.MKTP.KD.ZG,Austria,AUT,0.941470920725337,2.73512022241023,2.24406532463878,3.45404183614122,3.72741530093519,1.4604236757386,-3.76457817791677,1.83709367680054,2.92279728368581,0.680445576816723,0.0255047121972183,0.661272848852605,1.01450158590511,1.98943716230463,2.25857243250671,2.42538536088061,1.51738858303159,-6.45396846689127,4.55685091308877,4.99694240688582
GDP growth (annual %),NY.GDP.MKTP.KD.ZG,Azerbaijan,AZE,10.2082994004776,9.25380179728907,27.9615381082131,34.5,24.9999998515683,10.7589780604684,9.29636374447091,5.04894451349574,0.10000013782458,2.1652394748416,5.80980084268208,2.75050681535518,1.09397591627469,-3.09999988037266,0.199999938958655,1.49999999999999,2.50000006743734,-4.30000010230737,5.61645102853028,4.61652296344128
GDP growth (annual %),NY.GDP.MKTP.KD.ZG,"Bahamas, The",BHS,-1.26452629505674,0.882740185126309,3.39526008245936,2.51685393258376,1.44673388864554,-2.32350723624913,-4.17580555581695,1.53838597180584,0.613384158435409,3.08687917688317,-2.86329394469695,1.84730293962856,0.996800846319317,-0.0670128449498577,2.41531284181184,1.53323725859617,-0.7439779983562,-23.5081763069431,16.9846652843355,14.3689600281884
GDP growth (annual %),NY.GDP.MKTP.KD.ZG,Bahrain,BHR,6.29644197869368,6.98096059429825,6.76899787107483,6.46700012199585,8.29396044759683,6.24501077496258,2.53988593585052,4.33429917283131,1.98351501159991,3.72810843046017,5.41683981012071,4.35039085252969,2.48537855758804,3.55812811897778,4.29094977756338,2.11113047304872,2.1669646688237,-4.64463735878491,2.66970871448231,4.86085827172992
GDP growth (annual %),NY.GDP.MKTP.KD.ZG,Bangladesh,BGD,4.73956739963045,5.23953291029852,6.53594494076071,6.67190498093571,7.05859935733267,6.01378975903386,5.0451247936724,5.57178818849806,6.46437912291931,6.52145878055326,6.0136056584178,6.0610593589202,6.55263987878382,7.11347821325363,6.59024999794057,7.31941263014136,7.8819067286135,3.44802562762527,6.93867912442445,7.09982877575158
GDP growth (annual %),NY.GDP.MKTP.KD.ZG,Barbados,BRB,2.17548076923077,1.41159863545465,3.95545760352627,6.11271256415979,2.07764892490671,0.640098143663977,-5.01774449150307,-2.36516470308347,-0.687779067594548,-0.432679126746706,-1.44740681837786,-0.0872629534726741,2.47261987248125,2.53302488224136,0.456290512904502,-1.02713910017275,-0.131147253497488,-13.3110215258234,-0.189272866293138,9.99899532827648
GDP growth (annual %),NY.GDP.MKTP.KD.ZG,Belarus,BLR,7.04319255874681,11.4497431053962,9.40000152357685,9.99999481247373,8.6000065362481,10.1999994395435,0.199995310014842,7.79826682269751,5.37870744980968,1.68713553642854,1.00347084085604,1.72620995852301,-3.82966307070085,-2.52583140897062,2.53162368036521,3.14963949909348,1.44620667102681,-0.672904125264921,2.43886608142535,-4.6974497069539
GDP growth (annual %),NY.GDP.MKTP.KD.ZG,Belgium,BEL,1.03798254902905,3.5712043433582,2.32173705381926,2.55234994366351,3.67688113594973,0.446928735275904,-2.02074306169408,2.86429270764155,1.69451389861332,0.739217283058679,0.459242192907709,1.57853314322614,2.04145900919961,1.26668640902095,1.6195802783878,1.79294519302076,2.26156832127384,-5.36258592006438,6.28593139332018,3.24783720657268
GDP growth (annual %),NY.GDP.MKTP.KD.ZG,Belize,BLZ,9.33156849768366,4.63075060532687,2.19843795198149,4.58533823945655,3.27469553450609,-1.51991614255765,-0.452368281000531,1.25634856990109,-0.10559662090813,3.85835095137421,4.52926208651398,4.08958130477117,3.36763330215155,0.113122171945705,-1.69491525423729,1.10344827586206,4.50204638472033,-13.4029590948651,15.2211055276382,12.128745257098
GDP growth (annual %),NY.GDP.MKTP.KD.ZG,Benin,BEN,3.44357677591658,4.42968455385082,1.71316456361184,3.94373882815798,5.98634932177609,4.89657708429647,2.31929213912838,2.11406472648392,2.96375291904201,4.811223315688,7.19143372144946,6.35767909791932,1.77815106030278,3.33967342629693,5.67155546944753,6.69725946087986,6.86568733550151,3.84879240030133,7.1554516457574,6.25324491401346
GDP growth (annual %),NY.GDP.MKTP.KD.ZG,Bermuda,BMU,3.41070667687531,2.32126722323136,1.67420611410508,5.5438663804406,3.34513970877607,-1.86595582635186,-5.6266977105161,-2.50287828947368,-3.74274431740703,-5.30529910675297,-0.279708545423034,-3.70106759364258,0.775529699568978,-0.657206304259205,3.61141983706115,-0.432801300339307,0.306266735233933,-6.83795519136594,3.01381643857819,2.92711294908246
GDP growth (annual %),NY.GDP.MKTP.KD.ZG,Bhutan,BTN,7.82330236149748,6.00874223613263,7.287249352187,6.99973809500906,18.3608540555453,4.79946061155896,6.74833374849808,11.9458959983757,7.98261704055791,5.11840085800534,2.11997263298215,5.77649568013724,6.64223210535566,8.1270335383894,4.65183467529606,3.05512983672538,5.75516999309463,-10.0096993291629,4.08761887839313,..
GDP growth (annual %),NY.GDP.MKTP.KD.ZG,Bolivia,BOL,2.71133983700673,4.17329558916248,4.42143312687979,4.79700882356067,4.56438426887887,6.14849787462164,3.35699957430565,4.1267225910567,5.204092443086,5.12227558091757,6.79601142810841,5.46056950635136,4.85718717971413,4.26392086382113,4.19520633360395,4.22362365271844,2.21670563961031,-8.7378843576993,6.10580420443311,3.07005464392225
GDP growth (annual %),NY.GDP.MKTP.KD.ZG,Bosnia and Herzegovina,BIH,3.8671387951343,6.32526616861466,3.89717798992193,5.41400357079434,5.85712634217094,5.44383103450177,-3.00445593013346,0.865669260237084,0.959511247241267,-0.821836474216894,2.3498566632458,1.15385109200403,4.31475061116335,3.24225521171914,3.24410095889466,3.82749920546897,2.88734334414875,-3.01509514759861,7.39165262555947,3.89680774245646
GDP growth (annual %),NY.GDP.MKTP.KD.ZG,Botswana,BWA,4.62589474959299,2.70582170611173,4.55664565323181,8.36387109282306,5.79255577727118,3.25207295796832,-14.1442346163423,10.1222091179732,6.83852974803483,-0.170900761456892,11.1028237779771,5.69696453982205,-4.85099181652298,7.20181902928654,4.11305118180456,4.18984694613498,3.03255655553514,-8.7294514980577,11.8703583147,5.78234922056089
GDP growth (annual %),NY.GDP.MKTP.KD.ZG,Brazil,BRA,1.14082899824888,5.75996463670954,3.20213206130431,3.96198871122617,6.06987060678338,5.09419544658736,-0.125812002161169,7.52822581815364,3.97442307944702,1.92117598576537,3.00482266944432,0.503955740242247,-3.54576339269425,-3.27591690782192,1.32286905404399,1.783666761634,1.22077782360842,-3.2767587964736,4.98884970066018,2.90053061522693
GDP growth (annual %),NY.GDP.MKTP.KD.ZG,British Virgin Islands,VGB,..,..,..,..,..,..,..,..,..,..,..,..,..,..,..,..,..,..,..,..
GDP growth (annual %),NY.GDP.MKTP.KD.ZG,Brunei Darussalam,BRN,2.90395547653115,0.504318252687327,0.38750720823208,4.39771967752176,0.154581811742773,-1.93971463784671,-1.76453554132601,2.59896574643226,3.74531835205994,0.912841670964411,-2.12602851740175,-2.50835256644561,-0.392383749502031,-2.47791771833224,1.32860255161715,0.0522377907767719,3.86910986506845,1.1335733495246,-1.5907624796029,-1.62833154022366
GDP growth (annual %),NY.GDP.MKTP.KD.ZG,Bulgaria,BGR,5.23715427768168,6.51042637870198,7.05634752647417,6.80258938160358,6.59138083729613,6.11601796399745,-3.2718542794976,1.54180144307578,2.10120575009232,0.754930385981893,-0.56049396557782,0.96686903234496,3.42805491352132,3.03982527630795,2.76217095961262,2.68476058693781,4.03814220572653,-3.95861459810695,7.63460971569079,3.36125275175223
GDP growth (annual %),NY.GDP.MKTP.KD.ZG,Burkina Faso,BFA,7.80249388870359,4.47845213670386,8.66187322841225,6.25316468817478,4.11137901761516,5.79999174105387,2.96195085866692,8.44628157707625,6.62256261306693,6.45267237953146,5.79258484509867,4.32684561452976,3.9212287937935,5.95797670754024,6.20348941121868,6.60456906812341,5.68811514943657,1.93032488957256,6.90634167337785,1.47930064027761
GDP growth (annual %),NY.GDP.MKTP.KD.ZG,Burundi,BDI,-1.22372796023444,4.83365776809453,0.900000000901912,5.41380714491444,3.45194856381943,4.86171636712641,3.81274536633418,5.12415999439806,4.03259998844415,4.44670633111495,4.92418989834684,4.24065021402657,-3.9000000804855,-0.600000909116389,0.500001262429279,1.60993542127714,1.81256532401552,0.327156892638385,3.09999999870627,1.84899999899326
GDP growth (annual %),NY.GDP.MKTP.KD.ZG,Cabo Verde,CPV,4.17625930175214,10.1970726091436,6.91245798811819,7.98375044704527,15.1706879685399,7.03901129565128,-1.50358672385678,1.83641914989978,3.92471821338283,1.08364848376166,0.632136727385131,0.696666840118581,0.936026507808833,4.28071482662371,4.5513148102974,3.70696458310842,7.63608168918957,-19.3028227528612,6.81117643169414,17.7141811686959
GDP growth (annual %),NY.GDP.MKTP.KD.ZG,Cambodia,KHM,8.50589555707634,10.340528776847,13.2500869136436,10.7710836701771,10.2125739126309,6.69157747471078,0.0866969592706113,5.96307857538696,7.0695699458918,7.31334550530008,7.35666514887971,7.14257110074297,6.96579781444953,6.9333139730861,6.99690369934196,7.469169206999,7.05410693233065,-3.0960067306119,3.02638936277746,5.16245999997302
GDP growth (annual %),NY.GDP.MKTP.KD.ZG,Cameroon,CMR,5.45315369080524,7.04886282296138,2.22827020600621,3.80958327257856,4.32758901288912,2.84767788923097,2.57925177530984,2.89902472402312,3.3792112877077,4.62597871941652,4.99552915947218,5.71981814402645,5.66695299105416,4.53579423569734,3.54117654926007,3.9555142403664,3.47505997865608,0.259932915911776,3.64991688648905,3.54097786320744
GDP growth (annual %),NY.GDP.MKTP.KD.ZG,Canada,CAN,1.80151813598957,3.08698080915133,3.20420042827129,2.63430381378384,2.0718250311097,1.00428919859834,-2.92595564732009,3.08991946152595,3.14610049123631,1.76096158776859,2.3291225062102,2.87003607545671,0.659176863558869,1.00139441390405,3.03988022528195,2.77704055379553,1.88822358535141,-5.07435756759732,5.01180087532744,3.39620227946682
GDP growth (annual %),NY.GDP.MKTP.KD.ZG,Cayman Islands,CYM,..,..,..,..,3.16262533840754,-0.357401372925935,-7.20048278238133,-2.71563682344265,1.16906269526342,1.22975368307725,1.2793305928175,2.65452932151371,2.83312242670048,3.23997361448569,3.18404730726789,4.26726567162505,3.91563637725301,-5.10813540742788,4.02866428913582,..
GDP growth (annual %),NY.GDP.MKTP.KD.ZG,Central African Republic,CAF,-5.39748521855877,5.99488422798696,0.908210514871953,4.77108543044105,4.60753485452025,2.05413096200485,8.58726042640994,4.63081843223307,4.19461533741989,5.05376125356918,-36.3919770983887,0.0810705153264877,4.33712103020231,4.75031684122342,4.52727821346231,3.78944359275462,3.09999999999999,0.899999996857062,0.900000006878756,0
GDP growth (annual %),NY.GDP.MKTP.KD.ZG,Chad,TCD,14.7216670121033,33.6293718524659,17.3325337350837,0.648262014094513,3.27149957888643,3.05269153196828,4.21769555189633,13.5501008595489,0.0828697984381961,8.88257607170316,5.70000136285864,6.89998504532166,2.76767568484473,-6.25552708545281,-2.98869598553931,2.37403780037786,3.24718191743429,-1.60000673705524,-1.1999905246095,2.23597967466216
GDP growth (annual %),NY.GDP.MKTP.KD.ZG,Channel Islands,CHI,..,..,..,..,..,..,..,..,..,..,..,..,..,..,1.96610998960054,1.05229056178156,1.32511666013609,-7.96507880705455,8.64676971657032,..
GDP growth (annual %),NY.GDP.MKTP.KD.ZG,Chile,CHL,4.72324526861041,6.67425416822923,5.83704571917758,6.04999082563968,5.16823098528431,3.78939280635238,-1.11803723642878,5.85165102224047,6.22389678509138,6.15534001855494,3.30850824710085,1.79264947139259,2.15194249981184,1.75303874901438,1.35769537349597,3.99002947784489,0.743130031302485,-6.14524685679062,11.7374310651402,2.44040339833805
GDP growth (annual %),NY.GDP.MKTP.KD.ZG,China,CHN,10.038030481108,10.1136213780461,11.3945918097286,12.7209556651735,14.2308609330803,9.65067891955702,9.39872563237978,10.6358710646812,9.55083217886229,7.86373644866194,7.766150097539,7.42576365645755,7.04132887865481,6.84876220503246,6.94720079327288,6.74977383247717,5.95050075376979,2.23863835629443,8.44747829343031,2.9908045977096
GDP growth (annual %),NY.GDP.MKTP.KD.ZG,Colombia,COL,3.91827190359832,5.33302206745236,4.82876110795085,6.71686869844402,6.73819469090975,3.28344618616541,1.13964864548062,4.49465897070922,6.94789198173555,3.91263576716115,5.13399351995672,4.49903000110972,2.95590137527523,2.08738250162794,1.35936086788746,2.56432428277704,3.18685539245533,-7.25229907492306,11.0161932669779,7.49577578140568
GDP growth (annual %),NY.GDP.MKTP.KD.ZG,Comoros,COM,2.1038716355305,1.91965980712278,2.83754786988332,2.6469554759412,0.800042348955387,3.96461118871815,3.24074072826829,3.77776674982255,4.1435066947591,3.16840986908748,4.4662473147818,2.10665758942474,1.14735076108914,3.32044656240026,3.81576287682401,3.6424511379732,1.76078023923176,-0.195556827149787,2.11219557695527,2.38767848524202
GDP growth (annual %),NY.GDP.MKTP.KD.ZG,"Congo, Dem. Rep.",COD,5.57782231144424,6.73837393324294,6.13515115548972,5.32097956548998,6.25947776437397,6.22589426869193,2.85506401011484,7.10797657581392,6.8746708900163,7.08689894671942,8.48195663608755,9.47028809714084,6.91616712035345,2.39939891413687,3.72694765333267,5.82112109989339,4.38452888103882,1.7354227636007,6.20015401075946,8.92444785079518
GDP growth (annual %),NY.GDP.MKTP.KD.ZG,"Congo, Rep.",COG,0.813264076303781,3.47663162118089,7.75575897806648,7.98623836334291,-6.61399480441001,6.30637595585259,11.6372888615758,9.93126543095578,2.20591936286718,9.94715314257564,-0.712434451876447,6.71667933378647,-3.55058176545468,-10.7832382689225,-4.38253094629233,-4.80535155756866,-0.0868859578877448,-6.23931963197583,-2.20000260638274,1.54795289692822
GDP growth (annual %),NY.GDP.MKTP.KD.ZG,Costa Rica,CRI,4.31717986611369,4.42459959724218,3.97666636792908,7.32669543218398,8.21513198350125,4.73817487796701,-0.873455942799893,5.36034347985841,4.40315923970431,4.88259241025739,2.49476611209954,3.54210987765977,3.65208096802883,4.20432325175899,4.1576989627609,2.6159044043379,2.41751181762513,-4.27335432161462,7.78079756393568,4.30501579784834
GDP growth (annual %),NY.GDP.MKTP.KD.ZG,Cote d'Ivoire,CIV,-4.72586658580518,3.18503822886049,0.99606556186427,2.8155785960885,1.1014297644742,4.78266598108668,3.60332156609111,6.84804940059942,-5.37044724136562,7.62041176292934,10.7602131317082,9.37199994201148,7.19494942813037,7.17275963956332,7.41076242592504,4.84314605889178,6.51828673526198,1.73762042928969,6.99999999501503,6.74133000220331
GDP growth (annual %),NY.GDP.MKTP.KD.ZG,Croatia,HRV,5.59535310355051,4.18265382626039,4.30869993007165,4.91805875807488,4.96091783727972,2.00186402121565,-7.1934447594569,-1.22377948197983,-0.0866137790413148,-2.33166164485883,-0.397827665127963,-0.429360585931008,2.52229227745173,3.55935948219464,3.41246782244542,2.80067619923258,3.42100553041571,-8.58034302106221,13.0722049215981,6.33133629634182
GDP growth (annual %),NY.GDP.MKTP.KD.ZG,Cuba,CUB,3.79274022304334,5.77053807021557,11.2016564219094,12.0658631129953,7.26213696647943,4.11682804164681,1.4513054307407,2.39035229650723,2.80230083647626,3.01490028898772,2.74760256257211,1.04757663187654,4.43814195922121,0.513761467889907,1.80905439941586,2.24848039303581,-0.164839982463832,-10.9483409741617,1.25409286362381,..
GDP growth (annual %),NY.GDP.MKTP.KD.ZG,Curacao,CUW,0.288186681651752,0.208461073109362,0.676425345201665,1.63593468987035,2.46996322836787,2.18804308019168,-0.531308242338184,0.0823066088131412,0.612607618438091,-0.0658895682151552,-0.811686560479842,-1.20136172480633,0.290948721002664,-0.873007583584723,-1.73222567495182,-2.16688147975407,-3.37179918105626,-18.4384718493945,4.23240462897157,..
GDP growth (annual %),NY.GDP.MKTP.KD.ZG,Cyprus,CYP,2.6232861229859,5.02634392575987,4.85300383835666,4.71382866563106,5.09806845261184,3.6468119905756,-2.01526235906867,2.28354499702917,0.416712762832276,-3.44738142393619,-6.58748225683094,-1.77606191187711,3.41892318781653,6.57358020185954,5.73347613913472,5.64785820050915,5.52942854943188,-4.37247418575215,6.63892696813528,5.63214801919504
GDP growth (annual %),NY.GDP.MKTP.KD.ZG,Czechia,CZE,3.58368845880418,4.81426100126959,6.60161752988951,6.76693268125427,5.57033885921025,2.68641195092762,-4.65733109171755,2.43490215904518,1.76035962445222,-0.785004299003617,-0.0459036735515213,2.26210289708078,5.38838083815307,2.5372845203138,5.16872430413071,3.22008806955105,3.02987866345279,-5.50296796125089,3.55272206183683,2.4609192430561
GDP growth (annual %),NY.GDP.MKTP.KD.ZG,Denmark,DNK,0.390058556485101,2.66821926741747,2.33664130821947,3.9130079783106,0.909238928302372,-0.512016744849106,-4.90654772965155,1.87099114718497,1.33677776690328,0.226499791802965,0.933340972371226,1.61939381103033,2.34259110757047,3.24595698524399,2.82173634129026,1.98953731496432,1.49348695853648,-1.99460756850381,4.85570758570233,3.81901774679091
GDP growth (annual %),NY.GDP.MKTP.KD.ZG,Djibouti,DJI,..,..,..,..,..,..,..,..,..,..,..,7.06154324233921,7.52610891881017,7.1234323372872,5.458091517212,4.7744168883374,5.5451305999467,1.20202203296475,4.80000000000001,3
GDP growth (annual %),NY.GDP.MKTP.KD.ZG,Dominica,DMA,6.35313712169359,3.0506902946631,0.655862268923528,4.65945548635737,6.3529724394503,7.12105798575789,-1.16959064327486,0.672634400445048,-0.22355068823471,-1.05900024335187,-0.99994063117542,4.75378658076897,-2.73150306271826,2.76364798170461,-6.61899463280534,3.54758441831531,5.5024834367041,-16.6049115377829,6.89157738839417,5.93892827581244
GDP growth (annual %),NY.GDP.MKTP.KD.ZG,Dominican Republic,DOM,-1.34570618506442,2.57013427930197,9.4282369467968,9.1743554058408,7.41595171481455,3.20950426157958,0.946155167790621,8.33965105962218,3.13342300326755,2.71736789670562,4.87520509332271,7.05046368965911,6.9270187716221,6.65920026269582,4.66670467732366,6.98252758458058,5.05216802016253,-6.72023937283404,12.2719902359299,4.85832403306539
GDP growth (annual %),NY.GDP.MKTP.KD.ZG,Ecuador,ECU,2.72287733695474,8.21102091734038,5.29130826699402,4.40352643383186,2.1900639722454,6.35713059990832,0.566491592100093,3.52529866894027,7.86814091910996,5.641962066712,4.94651126690626,3.78886854920833,0.0988726083462694,-1.22638398463879,2.36838652633651,1.28929193290502,0.0121051028476558,-7.78760709093422,4.23525124172572,2.94766863298817
GDP growth (annual %),NY.GDP.MKTP.KD.ZG,"Egypt, Arab Rep.",EGY,3.1934547373977,4.09207161125305,4.47174447174454,6.84383819379116,7.08782742681058,7.15628356605794,4.67359979952376,5.14723485755344,1.76457194899827,2.22619979863505,2.18546605362164,2.91591187985745,4.37201907790138,4.34664345555427,4.18122099994795,5.33110861894473,5.55209307156954,3.55016483786844,3.29064601202214,6.58784560886967
GDP growth (annual %),NY.GDP.MKTP.KD.ZG,El Salvador,SLV,1.56539303147618,0.889404485692197,2.70546350544818,4.34834996977251,1.85847824107827,2.13055336118322,-2.08610772297351,2.10788787321354,3.80688113429295,2.82262371802327,2.23562439198375,1.70870628357073,2.40000008852115,2.53906241135864,2.24761908134138,2.4124442237792,2.45564559911415,-7.87838378345673,11.1780203076212,2.60023991827281
GDP growth (annual %),NY.GDP.MKTP.KD.ZG,Equatorial Guinea,GNQ,13.9552503163825,37.9987268556423,16.7487006053541,7.70491760658767,15.2821139194857,17.7991091333811,1.34335628806095,-8.92417588851806,6.52392362989873,8.31287184445641,-4.13319850131583,0.415066301596866,-9.11004114881537,-8.81641723219757,-5.66750850486686,-6.23654406734575,-5.48182537893445,-4.2414813213166,-0.945382916517076,3.14579829390267
GDP growth (annual %),NY.GDP.MKTP.KD.ZG,Eritrea,ERI,-2.65551592487554,1.45173556595506,2.57444955124846,-0.969217110711355,1.42682221120323,-9.78303001782456,3.8765015275421,2.19419034888082,8.67980010138049,..,..,..,..,..,..,..,..,..,..,..
GDP growth (annual %),NY.GDP.MKTP.KD.ZG,Estonia,EST,7.60026518508707,6.80400777050136,9.52642697162088,9.76558336997708,7.57914052046765,-5.13200095768519,-14.6290550324223,2.44426511799784,7.26308458128695,3.22820049358981,1.45842863615992,3.01136658651455,1.85302004629342,3.15556481438308,5.79204467466494,3.78420084952826,3.73970668161645,-0.55100125774716,8.01346292400842,-1.28741134050431
GDP growth (annual %),NY.GDP.MKTP.KD.ZG,Ethiopia,ETH,-2.16135972205798,13.5726031368695,11.8187659466494,10.834727065877,11.4561670000236,10.7885216853725,8.80255319782566,12.5505383459308,11.1782962271641,8.64781163337416,10.5822700482672,10.2574929610051,10.3924630202334,9.43348265784402,9.56418964295607,6.81614779681703,8.3640856990789,6.05953088643369,5.64153071739351,5.31709602984485
GDP growth (annual %),NY.GDP.MKTP.KD.ZG,Faroe Islands,FRO,..,..,..,..,..,..,-4.30300216202099,-0.576939114349187,3.70819417120374,7.01665379949266,5.85305191414515,5.43270135720174,0.976378534447207,1.46991580449085,3.51430597113568,2.73155215546514,4.95285017712965,-2.62873139350219,5.63492414525189,..
GDP growth (annual %),NY.GDP.MKTP.KD.ZG,Fiji,FJI,0.999999344757299,5.29999970460935,0.700000402432437,1.85248387199486,-0.850654310045826,1.03279422025967,-1.38603770763581,2.95467242212241,2.70514302901049,1.41131438177968,4.73421948956532,5.60351440618308,4.50120041028764,2.44565179664174,5.35336455965106,3.81235122208518,-0.581946709343811,-17.0002349004837,-5.11160739321285,16.1248510230403
GDP growth (annual %),NY.GDP.MKTP.KD.ZG,Finland,FIN,2.00378420285061,3.99209129032087,2.77985055556123,4.02740965802573,5.29933650739021,0.783995060876521,-8.0744474323113,3.18595865407703,2.54766483842627,-1.39754572817782,-0.901696316194844,-0.364908156882066,0.543659211765487,2.81145776663433,3.19240962968416,1.1397180134305,1.22474892206223,-2.35496515679442,3.04648227197102,2.08377520852903
GDP growth (annual %),NY.GDP.MKTP.KD.ZG,France,FRA,0.823160756684118,2.82975292869891,1.66321998030079,2.44932360111885,2.42473624337305,0.254945960124005,-2.87331382849631,1.94943762312663,2.19270063266654,0.313134751077172,0.576326674771792,0.956183052371557,1.1129123405747,1.09546440372048,2.29141999417021,1.86506607081999,1.84297181445896,-7.78458649167871,6.81658913649873,2.5623935644647
GDP growth (annual %),NY.GDP.MKTP.KD.ZG,French Polynesia,PYF,2.1269288487261,0.971259129987544,0.309973476180005,0.889584117597607,1.70497563803002,0.00676755066312751,-4.23139183069446,-2.4660641898174,-2.96195745427229,-0.927537712532072,0.398801414346934,0.593554452942286,1.80334081452726,2.30219823670438,4.29263363103487,1.73709471857401,2.69042279849461,-6.99999134820864,2.39998809215925,..
GDP growth (annual %),NY.GDP.MKTP.KD.ZG,Gabon,GAB,2.2473300115045,0.689543058464849,2.67620333310926,-2.80657835569052,6.00810802487668,-3.30843064878751,0.130331119816617,7.08988731455126,7.09175334258654,5.25107691750407,5.63869900338696,4.31496444107469,3.8788993950789,2.09144220829562,0.472642030911146,0.83791658082157,3.92080879452831,-1.8377610635094,1.46795731508091,3.03694186075849
GDP growth (annual %),NY.GDP.MKTP.KD.ZG,"Gambia, The",GMB,6.86999962173842,7.05000000064635,-2.35172936176019,-0.555580977246521,3.04324950829739,6.25590553394287,6.6657243078367,5.90833580968288,-8.13044422315659,5.24156924630741,2.872768790327,-1.40738249510954,4.0580738039996,1.94335965478776,4.8226112492757,7.23489033258579,6.22205315994859,0.591487287873974,4.26549209260175,4.92372750986459
GDP growth (annual %),NY.GDP.MKTP.KD.ZG,Georgia,GEO,11.0587231936646,5.79449634569851,9.58957406160836,9.41977064759736,12.5789534308973,2.41857165904172,-3.65051363069394,6.24948776787187,7.3999998671419,6.3690083063386,3.62130535196276,4.43192482309078,3.02220738019703,2.90643878002064,4.84260322496586,4.84291988506627,4.98235047511106,-6.76043981705519,10.4655371977056,10.1087199365244
GDP growth (annual %),NY.GDP.MKTP.KD.ZG,Germany,DEU,-0.700116686114356,1.17508813160987,0.731707163554191,3.816441912988,2.97645513131597,0.95987913356484,-5.69383633640285,4.17988249873657,3.92519270463411,0.418497594217598,0.437591303144671,2.20954343134872,1.49193152760772,2.22999986782015,2.68023111405891,0.981232606004738,1.05660389828289,-3.69678870538043,2.62698726672524,1.78520820964427
GDP growth (annual %),NY.GDP.MKTP.KD.ZG,Ghana,GHA,5.200000133101,5.59999999077445,5.90000381855104,6.39991260618034,4.34681910440079,9.14979893831817,4.84448705175076,7.89971194051621,14.0471235803149,9.2927894063005,7.31252501678145,2.85624016330883,2.12075933817334,3.37346574966936,8.12889488100956,6.20007768127284,6.5077747939152,0.513941670628171,5.35647787361356,3.23970626334574
GDP growth (annual %),NY.GDP.MKTP.KD.ZG,Gibraltar,GIB,..,..,..,..,..,..,..,..,..,..,..,..,..,..,..,..,..,..,..,..
GDP growth (annual %),NY.GDP.MKTP.KD.ZG,Greece,GRC,5.7945314727466,5.06099220398106,0.599142188605043,5.65243362169147,3.27374690421107,-0.335172341805816,-4.30073367269142,-5.47821774237963,-10.1493148298685,-7.08669678638024,-2.51599722189651,0.475695947137041,-0.196087629724133,-0.487173294301954,1.09214912017283,1.66842863602514,1.8843417847952,-9.00404364202146,8.43442550167381,5.9137083094686
GDP growth (annual %),NY.GDP.MKTP.KD.ZG,Greenland,GRL,4.43004572118211,6.90658283676629,4.98749177090193,5.55569490080012,2.3524379811805,6.1661327018619,0.865952328886948,1.73582505889665,-0.496519391959083,1.39419335955625,-1.29828069335511,4.7421356730152,-2.52931802394475,4.68195410972302,0.0527281828800312,0.62306542854094,2.83217756798683,0.187608793759281,1.29021048770599,..
GDP growth (annual %),NY.GDP.MKTP.KD.ZG,Grenada,GRD,9.46397343076491,-0.647450316084857,13.2761883306272,-3.99532824427482,6.12345094741467,0.947542624907697,-6.61328134799545,-0.511146187173722,0.764773550338731,-1.15483816409801,2.35109801677905,7.34212396037948,6.44522314693144,3.7396039558691,4.43867566948151,4.36144039364797,0.676511738873756,-13.7566222572107,4.68747816934534,5.80000088973513
GDP growth (annual %),NY.GDP.MKTP.KD.ZG,Guam,GUM,0.879314134974734,6.49378949662236,3.64231634949867,-3.65251727541954,0.717213114754102,2.03458799593082,0.438683948155543,2.26325193567601,0.0776548243059523,2.13385063045585,1.69040835707501,1.79305192379529,0.825688073394488,0.18198362147406,0.890099909173486,-0.792221822110193,2.59528130671507,-11.3921811427561,1.05809542822919,..
GDP growth (annual %),NY.GDP.MKTP.KD.ZG,Guatemala,GTM,2.56037766801896,3.13791683609193,3.27602692588886,5.35139778711536,6.33771869016203,3.29352400028485,0.476898106596394,2.88417542800377,4.16390688293349,2.97470856847661,3.69481919881751,4.44397758285268,4.09217081621244,2.67780255532826,3.07985149125689,3.40687339997949,4.0178979343828,-1.79185769458479,8.0024080363912,4.11800416923388
GDP growth (annual %),NY.GDP.MKTP.KD.ZG,Guinea,GIN,1.24860126019659,2.34011731256672,2.99727256153359,1.18960211724379,6.81747111252537,4.13301615879924,-1.12264204848687,4.81336016967553,5.61211177430975,5.91528626133322,3.94568708624053,3.69655311664086,3.82591056949435,10.82062719659,10.3000053426734,6.35849192736855,5.61691446892203,4.92026637242459,3.90000000000006,4.69999999999999
GDP growth (annual %),NY.GDP.MKTP.KD.ZG,Guinea-Bissau,GNB,0.568510176088452,2.76140199048032,4.26609893145407,2.30935799764794,3.26295545608291,3.20356730693297,3.36897495773184,4.61097090010318,8.08477973398716,-1.71268301181074,3.25590426517695,0.96456075098132,6.13408294113292,6.26280563780463,5.91917662586047,1.28373670309465,4.49999999151316,-2.39999999921721,3.80000243004048,3.50004959192114
GDP growth (annual %),NY.GDP.MKTP.KD.ZG,Guyana,GUY,-0.632225388266377,1.56335211034042,-1.95095759501714,5.12960934773,7.19123624057457,1.75522349592019,3.61150847218585,4.13844160137342,5.19625156051602,5.27633062046809,3.65350476800678,1.68602773214108,0.687521210092171,3.8079188370272,3.73437406053053,4.44101358934772,5.35262742597216,43.4795559399402,20.0600109474921,57.80022
GDP growth (annual %),NY.GDP.MKTP.KD.ZG,Haiti,HTI,3.48077973188326,-1.3178567596495,3.07217337664731,1.76875060288195,4.70652994008303,2.6580323082747,5.89037894844316,-5.65151153448299,5.09821354410036,0.502424403581585,4.32478411472874,2.88877251515973,1.40000000216578,1.81246807847532,2.51027134544685,1.66781095484656,-1.72309699539318,-3.30550547260977,-1.79823988931486,-1.68198397538013
GDP growth (annual %),NY.GDP.MKTP.KD.ZG,Honduras,HND,4.54703805165397,6.23230296069102,6.05059922215973,6.56724355177587,6.18832716678008,4.23160011009342,-2.43162787988011,3.73114034433009,3.83569066207505,4.12868774866939,2.79155975746801,3.0580805621437,3.84007997093951,3.89297219726413,4.84291391050387,3.84499476966735,2.65306625480355,-8.96476018404584,12.5340960157739,3.99794981468288
GDP growth (annual %),NY.GDP.MKTP.KD.ZG,"Hong Kong SAR, China",HKG,3.05629169188697,8.70006348101138,7.38815221444673,7.03262886600626,6.46483649993034,2.12785136154758,-2.45905568784876,6.76769054741861,4.81473243766588,1.70031994385079,3.1015529558385,2.76238422541562,2.38784706747271,2.1754189894252,3.79610314564431,2.84692053389013,-1.67243165327264,-6.54479911001556,6.44172382600794,-3.47632986495431
GDP growth (annual %),NY.GDP.MKTP.KD.ZG,Hungary,HUN,4.07424974585209,5.00462069164915,4.29427761009178,3.9460668802932,0.277372772325805,1.00394302900897,-6.59786721850169,1.0762540427767,1.86683747544298,-1.25022602347063,1.80252210082266,4.23220980614269,3.7073159793626,2.20100189293856,4.27197601620695,5.36234836176223,4.86422573511891,-4.53555083281567,7.20000034603936,4.5779057692603
GDP growth (annual %),NY.GDP.MKTP.KD.ZG,Iceland,ISL,2.14268837866911,7.80239950753543,6.12443896533613,6.31699308637074,8.45486009612951,2.20949641882098,-7.66380956025947,-2.83277491540855,1.84577915624217,1.06363660743763,4.55246032015108,1.68721501750639,4.43666371937172,6.30368710650176,4.19494882908376,4.88917299486545,1.805161042235,-7.24187203436699,4.3334020120878,6.44456632472379
GDP growth (annual %),NY.GDP.MKTP.KD.ZG,India,IND,7.86038147553259,7.92293661286503,7.92343062149763,8.06073257303272,7.66081506504928,3.08669805953289,7.86188883303498,8.49758470158106,5.24131500140663,5.45638875297365,6.38610640094825,7.41022760508854,7.99625378571471,8.25630550179086,6.79538341897911,6.45385134497769,3.87143694070356,-5.83105322031207,9.05027790774051,7.00295154446648
GDP growth (annual %),NY.GDP.MKTP.KD.ZG,Indonesia,IDN,4.78036912167654,5.03087394501685,5.69257130383384,5.50095178520348,6.34502222667214,6.01370360009123,4.62887118256153,6.22385418062366,6.16978420771008,6.03005065305615,5.5572636889101,5.006668425755,4.87632230022123,5.03306918280177,5.06978590134916,5.17429153955024,5.01928768046282,-2.06551182934165,3.70305535690933,5.30859500543608
GDP growth (annual %),NY.GDP.MKTP.KD.ZG,"Iran, Islamic Rep.",IRN,8.63929839720046,4.33666597851055,3.18980408728862,4.99979526181171,8.15577352358534,0.250856553494089,1.00738545790475,5.79793830169604,2.64571791806256,-3.7471713986414,-1.52197920494163,4.98477506709494,-1.42488493937491,8.8150866425182,2.75850524578875,-2.25386360686099,-2.65820666195272,3.33028845926594,4.71977773157164,2.74916614074989
GDP growth (annual %),NY.GDP.MKTP.KD.ZG,Iraq,IRQ,-36.6581526748314,53.3817941825641,1.67188962251336,5.64629780126877,1.88557214096838,8.22810710383277,3.37929909442771,6.40256484471193,7.546471200426,13.9364301737537,7.62857118471159,0.197016710359037,4.72286401884131,13.7873730187089,-1.81975035118309,2.63385099105624,5.51379057542323,-12.0367930931152,1.5833933630431,7.00874522294257
GDP growth (annual %),NY.GDP.MKTP.KD.ZG,Ireland,IRL,3.01383807882773,6.78814020435452,5.7397821688559,4.98785347349479,5.31011814691841,-4.48407049219472,-5.09578275532317,1.68297153835975,0.833830148555222,-0.00554201066994153,1.12568964599835,8.64935060757608,24.3704453546988,2.00665411509893,9.00534242438529,8.52754139148431,5.44093733423819,6.18453803881623,13.5882471079549,11.9695802975001
GDP growth (annual %),NY.GDP.MKTP.KD.ZG,Isle of Man,IMN,5.99999968812641,5.20000310402496,5.89999933576675,7.69999871253432,7.50000022988817,4.90000100081545,2.10000027181374,3.39999842395957,1.99999938207415,7.30387926577282,4.14186832060824,5.15503233890135,-0.385798408302321,6.95230252889243,2.83776234543893,2.21339786862427,0.254884930037974,-8.83623206955568,..,..
GDP growth (annual %),NY.GDP.MKTP.KD.ZG,Israel,ISR,1.39391296405174,4.7844674262581,4.13407661867554,5.58266795932438,6.0332135706837,3.25116336079073,0.883120393565378,5.66851511790733,5.56113907589013,2.58765384384346,4.41550158737924,3.91912689280952,2.48582628898106,4.52168030880658,4.27659595115593,4.0703218874397,4.15613798897733,-1.85728927811242,8.61199034846989,6.4646684464545
GDP growth (annual %),NY.GDP.MKTP.KD.ZG,Italy,ITA,0.138626890776507,1.42359415817907,0.817848973650598,1.79063968081796,1.48707298036786,-0.962012840579291,-5.2809372082931,1.71329583916922,0.707333347034435,-2.98090576823772,-1.84106545088248,-0.00454754236383792,0.778304350716581,1.29346273155907,1.66785904106857,0.925810941012742,0.483198316597154,-8.97912609728922,6.98676641618501,3.67468325490428
GDP growth (annual %),NY.GDP.MKTP.KD.ZG,Jamaica,JAM,3.66631759279021,1.32372509977827,0.893797935945003,2.89912534958872,1.43195403665118,-0.811736703280815,-4.3453018579464,-1.45714720947502,1.73037626746921,-0.613636039869121,0.5176860128024,0.689822357374339,0.92148712538031,1.37522306445538,0.997123062335191,1.88992368121086,0.892291653822227,-9.89999999999999,4.60000000000001,4.2
GDP growth (annual %),NY.GDP.MKTP.KD.ZG,Japan,JPN,1.53512549928013,2.1861156944216,1.80390087227372,1.37235012762038,1.48396941163492,-1.22428900072828,-5.69323635882266,4.09791791930137,0.0238095237748297,1.37475099920874,2.0051001767726,0.296205514142628,1.56062669674904,0.753826745903538,1.67533175166503,0.643391023460339,-0.402169200910947,-4.27860368763963,2.14248736902735,1.02862486644142
GDP growth (annual %),NY.GDP.MKTP.KD.ZG,Jordan,JOR,4.16166755544407,8.56721424236899,8.14659481079931,8.09297527811933,8.17616995204646,7.22038637280139,5.02371007272669,2.31483422063046,2.73717988632104,2.42935800100238,2.60994737548631,3.38407809933472,2.49652879315188,1.9941808493012,2.47359815449045,1.91907263610851,1.75123973490842,-1.60663627844973,2.22299927802669,2.50379638426071
GDP growth (annual %),NY.GDP.MKTP.KD.ZG,Kazakhstan,KAZ,9.30000000033759,9.60000000136854,9.69999999922682,10.7,8.89999999999405,3.30000000021091,1.19999999942873,7.30000000016202,7.40000000068393,4.79999999999275,5.99999999925561,4.20000000063038,1.19999999976802,1.09999999990164,4.10000000033854,4.09999999987123,4.50000000008481,-2.50000000028746,4.30000000015886,3.19999999968607
GDP growth (annual %),NY.GDP.MKTP.KD.ZG,Kenya,KEN,2.93247554570904,5.10429977629738,5.90666607980057,6.47249430015484,6.85072976998784,0.232282744812977,3.30693981631089,8.05847360290906,5.1211061197056,4.56867961444982,3.7978483925754,5.02011100232484,4.96772112759767,4.21351706814744,3.83795817364721,5.64794640709219,5.11415885767801,-0.272766327438816,7.59048947333467,4.8466348557707
GDP growth (annual %),NY.GDP.MKTP.KD.ZG,Kiribati,KIR,2.00632463588045,-1.62936020385506,4.95163162646716,-0.0492953226795265,2.03494726487787,-2.09143675813912,0.802819886903677,-1.12026026125162,1.76257601036156,5.13614432896563,4.16157447719831,-1.09628859925108,9.86517472141171,-0.478196754652373,0.186027236937676,5.11363636363636,-2.16216216216216,-1.65745856353591,7.86516853932584,1.5625
GDP growth (annual %),NY.GDP.MKTP.KD.ZG,"Korea, Dem. People's Rep.",PRK,..,..,..,..,..,..,..,..,..,..,..,..,..,..,..,..,..,..,..,..
GDP growth (annual %),NY.GDP.MKTP.KD.ZG,"Korea, Rep.",KOR,3.14729119373409,5.19739136324382,4.30854271411236,5.26432659466724,5.79954841503216,3.01298487281167,0.792698989518186,6.80482491783671,3.68566778212526,2.40253099246186,3.16470863647184,3.2024537945736,2.80910326824133,2.94688171508626,3.15963574012777,2.90740377377135,2.24397786011012,-0.709415359397681,4.14532395430925,2.56053743193038
GDP growth (annual %),NY.GDP.MKTP.KD.ZG,Kosovo,XKX,..,..,..,..,..,..,5.03488382939953,4.93992404687876,6.31988622270076,1.71219517419465,5.34090817463415,3.34880431106879,5.91627044351361,5.57175650727449,4.8256904268714,3.40663100837845,4.7568306194579,-5.34027530229791,10.7456116066371,3.51170669162084
GDP growth (annual %),NY.GDP.MKTP.KD.ZG,Kuwait,KWT,17.3260204175143,10.2402980586354,10.6090449840228,7.51477300024021,5.99157551059315,2.47975694278544,-7.07605643073411,-2.37026412020438,9.6284069747757,6.62581830014173,1.14930043706521,0.500876982158658,0.593019617221231,2.92586822591576,-4.71210620851997,2.43398126850201,-0.551959331708446,-8.85527888535746,1.30805650896015,8.17775584614964
GDP growth (annual %),NY.GDP.MKTP.KD.ZG,Kyrgyz Republic,KGZ,7.03029320087873,7.02681241544167,-0.175515412534793,3.10289874533464,8.54287476445191,8.40161605989968,2.8862945753759,-0.471566601130149,5.95627430862646,-0.0881502010106345,10.9154694543144,4.02403862576861,3.87582544821402,4.33585591715968,4.73993722539466,3.75791012480484,4.60062566646762,-8.39836429561723,6.1676384275106,7.02220882554305
GDP growth (annual %),NY.GDP.MKTP.KD.ZG,Lao PDR,LAO,6.06700230375843,6.35769548012803,7.10756836906148,8.61926620873047,7.59682880050465,7.82490276260827,7.50177491260473,8.52690551722873,8.03865268080929,8.02609843404085,8.02630022637751,7.61196344074379,7.27006584339864,7.02283625501138,6.8925308726989,6.24796000755872,5.4577350924848,0.503031829708618,2.52835100102986,2.70742652740685
GDP growth (annual %),NY.GDP.MKTP.KD.ZG,Latvia,LVA,8.42286220668569,8.28414597787324,10.7203659565649,11.9718356939022,9.941921627624,-3.24912072305602,-14.2601400377132,-4.455567259981,2.57371236333377,7.04224716054507,2.00796687876637,1.90217268380506,3.88526005426763,2.36861474664423,3.31247593587459,3.99185450470748,2.56970388771063,-2.20298533825142,4.06401610355167,1.97618596077666
GDP growth (annual %),NY.GDP.MKTP.KD.ZG,Lebanon,LBN,3.2270982685183,6.67944461671979,2.68577930991498,1.5495150020831,9.31062252462907,9.06912826931607,10.2321555771179,7.97513555920943,0.867339877167865,2.56479133733554,3.8278734984476,2.48406010550133,0.462320791813852,1.55454940951772,0.903028463918787,-1.88470575631651,-6.91492472851026,-21.3998996914321,-7.00123862514116,..
GDP growth (annual %),NY.GDP.MKTP.KD.ZG,Lesotho,LSO,4.55977681130346,1.69237420642219,3.46612248144243,4.23009485409366,4.18791441799631,5.52202820126872,-1.25551462572604,5.26628065286225,4.61425223766247,6.33482170116899,1.79253144466578,1.7105440042256,3.12755772382955,3.60540004794542,-3.13817492339221,-1.48063361037254,-0.76422598134711,-5.61940242631856,1.55767983330564,0.591917768214742
GDP growth (annual %),NY.GDP.MKTP.KD.ZG,Liberia,LBR,-30.145132727942,2.61984689477413,5.28121245309295,8.04390997190059,9.53527536282282,7.14569112811476,5.30054050291531,6.09982524004147,8.20076822497064,7.99381444555367,8.68728781639683,0.701393100287518,-0.0185649695590939,-1.5549586174878,2.45515592012239,1.15757512207355,-2.46729763532686,-2.98249127649473,4.98671283481617,4.80811346098886
GDP growth (annual %),NY.GDP.MKTP.KD.ZG,Libya,LBY,13.0160372478013,4.46163899648637,11.8707565226151,6.50052541959279,6.22998278561838,-0.162048238799883,-4.4001817631021,5.0272476723775,-50.3385151384986,86.8267484395784,-17.9979615745681,-23.0428058282215,-0.842656252118843,-1.4909411172622,32.4918021862688,7.9413678529104,-11.1956945908638,-29.7871479885529,31.3725154401954,-1.23698194418768
GDP growth (annual %),NY.GDP.MKTP.KD.ZG,Liechtenstein,LIE,-1.93756534125014,3.03917210306501,4.82807677743524,8.64496857267281,3.325963509369,1.79808847836411,-1.15748291975636,..,..,..,..,..,..,..,..,..,..,..,..,..
GDP growth (annual %),NY.GDP.MKTP.KD.ZG,Lithuania,LTU,10.565956988762,6.56949011753593,7.73236760360545,7.41412133545715,11.1074801410501,2.61442303328732,-14.8386083735986,1.65124065328366,6.03900816040344,3.8438647490634,3.55007284270485,3.53700987901611,2.02458395469182,2.51882827307178,4.28259695120761,3.99331032795327,4.62510313907674,-0.0220737420901997,5.98084808454942,1.88779539520947
GDP growth (annual %),NY.GDP.MKTP.KD.ZG,Luxembourg,LUX,2.61937857939165,4.23189130735582,2.48287474811472,6.01671504402741,8.0986676066054,-0.30017619444267,-3.23895402683188,3.76041359255095,1.04429869455731,1.64990202978652,3.17179049916005,2.62308601577192,2.26978448419565,4.97819043681629,1.31718766293677,1.21932191856359,2.31992520093738,-0.797435589222587,5.10245544656804,1.5487146161739
GDP growth (annual %),NY.GDP.MKTP.KD.ZG,"Macao SAR, China",MAC,11.6405488490665,26.6308472413446,8.07544007594923,13.3903902872314,14.4763891473606,3.39157983879505,1.27432088021384,25.1227596366315,21.6165288779235,9.24224592840059,10.7528539903738,-2.04838061245502,-21.5144052695858,-0.679060845076179,9.98330550918196,6.46466769417589,-2.51193784642786,-54.2359000204747,19.267056376875,-26.7614226589939
GDP growth (annual %),NY.GDP.MKTP.KD.ZG,North Macedonia,MKD,2.22260165732409,4.67408957960916,4.72408864201974,5.13702516153505,6.47348685752347,5.47200139015595,-0.358614856979671,3.35875085773812,2.33988604520331,-0.456183223607937,2.92525766450484,3.62912351276373,3.85586514041738,2.84820519363306,1.08177273813243,2.88059670964267,3.91041953840173,-6.11088671102702,5.5060164611849,2.14665647284551
GDP growth (annual %),NY.GDP.MKTP.KD.ZG,Madagascar,MDG,9.78489212136444,5.2570036214801,4.75584509662626,5.39850845004474,5.71056419690301,6.71263254242815,-3.97870861280433,0.619239745847793,1.57842705122724,3.01114811507057,2.30037623213595,3.33920311305025,3.13229807263869,3.99314606412389,3.93330759454741,3.19435651491895,4.41123213007131,-7.13767162152631,5.7396157375873,3.796204884456
GDP growth (annual %),NY.GDP.MKTP.KD.ZG,Malawi,MWI,5.70563940662782,5.42049754887375,3.26872602144522,4.69999976528092,9.5999998762672,7.63973639933594,8.32810985214307,6.87406585401583,4.93266999845889,1.90000000072148,5.41034999949829,5.62526999979218,2.80000000125504,2.4999999990207,4.00000000038216,4.39168829609886,5.44818133617287,0.799998330902724,2.75140260887528,0.923436290107489
GDP growth (annual %),NY.GDP.MKTP.KD.ZG,Malaysia,MYS,5.7884992858875,6.78343772370305,5.33213916141486,5.5848470671515,6.29878592740947,4.83176988913097,-1.51352871598714,7.42484738326097,5.29391283414003,5.47345419253853,4.69372252557893,6.00672194558203,5.09153242155011,4.44978139761541,5.81272240983328,4.84308697634881,4.41318742129586,-5.53443529719299,3.09216261593808,8.69434320308062
GDP growth (annual %),NY.GDP.MKTP.KD.ZG,Maldives,MDV,13.7500498204898,6.03375404861777,-13.1290534305083,26.1114935010553,7.71386727084705,9.48533266057873,-7.22884146529458,7.26512906840138,8.56673353050461,2.51738394219683,7.28107397899866,7.32962620344684,2.8845485296051,6.33830063626779,7.20991012345149,8.12312890817314,7.0974660145221,-33.4927957864882,41.7451005464201,12.2994864688899
GDP growth (annual %),NY.GDP.MKTP.KD.ZG,Mali,MLI,9.1190419953243,1.55999866053489,6.53477877481288,4.66218687758322,3.49361681253744,4.77314508142975,4.80632226697864,5.31393527895875,3.21313378044307,-0.83673463153076,2.29506828962617,7.08468388056527,6.17180002424978,5.85229919941415,5.30545608438166,4.74648432724561,4.75616080770808,-1.235450447077,3.05261356942125,3.68748409792643
GDP growth (annual %),NY.GDP.MKTP.KD.ZG,Malta,MLT,4.07456985210095,0.13959908397905,3.38329965697102,2.51049194733572,4.77534732485961,3.82559140088306,-1.13310598752768,5.5435693770699,0.466127625222981,4.11866098158396,5.4730579170764,7.63311933534743,9.60813122231481,3.3811157682035,10.9253292306501,6.14022730280882,7.0088254503099,-8.61249055076287,11.8059030682449,6.85101125606155
GDP growth (annual %),NY.GDP.MKTP.KD.ZG,Marshall Islands,MHL,-1.61587590913923,1.32748143966298,1.77300715673037,0.202496713843288,3.39201507666694,-7.64642412127914,3.67331570483044,5.42162382855895,-0.307239550027475,-1.29271160007363,3.67968413923134,-1.11992858234521,2.11110856914559,2.01609531943913,3.41041970317116,4.1940187564587,10.8392136821142,-1.84159642400449,1.11479505810898,1.49999706263944
GDP growth (annual %),NY.GDP.MKTP.KD.ZG,Mauritania,MRT,6.92826955106302,4.7327579245203,8.56628724906668,18.3331987597713,-1.96942275160761,-0.331079195278377,0.0978758719728035,2.62022952055378,4.17278328304418,4.47001318233693,4.15081318627171,4.27482327130284,5.37633923694936,1.26090922448303,6.27054569386574,4.77217363890155,5.29663735736754,-0.938516150524208,2.44536827261913,5.1999999944745
GDP growth (annual %),NY.GDP.MKTP.KD.ZG,Mauritius,MUS,5.92544548947731,4.33001985464357,1.77754302034454,4.8655446077553,5.72701615981669,5.38696254207251,3.31507699790781,4.37720322344293,4.07753806610333,3.49611836470866,3.36040609974133,3.82696982009337,3.69055690369433,3.8624682634,3.93798380632353,4.00674057198549,2.89128499346516,-14.5973979957037,3.39938010037085,8.69073512401974
GDP growth (annual %),NY.GDP.MKTP.KD.ZG,Mexico,MEX,1.4463826837036,3.92059081028791,2.30780706591736,4.49507789421408,2.29144571429802,1.14358458719401,-5.28574413681751,5.11811814321163,3.66300792950094,3.64232267941347,1.35409196151679,2.84977325490688,3.29315152833387,2.63053242455089,2.11312913549695,2.19499472522698,-0.199047772272948,-7.98791234014749,4.72056529768081,3.0623801901065
GDP growth (annual %),NY.GDP.MKTP.KD.ZG,"Micronesia, Fed. Sts.",FSM,1.57211506743108,-3.08015304747474,2.04186716395544,-0.0810552934164832,-1.83618529402398,-2.40849258666222,1.09309924105246,2.25938995585932,3.18857475473928,-1.86681975475544,-3.67976779073483,-2.30577574529325,4.62188400404939,0.900180416516932,2.68218594445551,0.211653600126766,1.17479922829746,-1.76541515225117,-3.18818719740072,-0.619574793193181
GDP growth (annual %),NY.GDP.MKTP.KD.ZG,Moldova,MDA,6.60000003776815,7.3999996899107,7.50000013866941,4.79999985009411,3.00000023969488,7.80000014465961,-6.00000028938875,7.10000008379265,5.81816617271929,-0.589733908141937,9.04386559261646,4.99962586595808,-0.33823565178723,4.64601436259409,4.17561205106279,4.07559546585034,3.5523140853476,-8.27597831976949,13.9299997889786,-5.94803679287602
GDP growth (annual %),NY.GDP.MKTP.KD.ZG,Monaco,MCO,1.08753674887137,2.47048416786116,1.89541352041324,5.80393763599388,14.4288980284652,0.666835003324323,-11.2999994641996,2.09999905006846,7.00000002385623,1.01221796129491,9.57489074294796,7.18918701152205,4.8634732114333,3.45155104747225,-3.50096142186499,5.95627041970343,6.90566549200324,-12.9651347068146,21.5535606984832,..
GDP growth (annual %),NY.GDP.MKTP.KD.ZG,Mongolia,MNG,7.00463457384886,10.6254059599309,7.25366544108519,8.55623480959571,10.2480163584778,8.90036794671727,-1.26859894053509,6.36516168486143,17.2907775836263,12.3198198481932,11.6489161901725,7.88522548148912,2.3798358068594,1.48978448504865,5.63687638962695,7.7448806201857,5.60224421870959,-4.55775197337685,1.63676957584143,4.84590820308712
GDP growth (annual %),NY.GDP.MKTP.KD.ZG,Montenegro,MNE,2.48265922878484,4.42605071745102,4.18060450885476,8.56641802964207,6.81015012526991,7.22275259212526,-5.79509699477244,2.73433108233829,3.22845102061061,-2.72379077130623,3.54897991245058,1.78369858106701,3.39038139712073,2.94928032097511,4.71646527572034,5.0778888113381,4.06294499167197,-15.3068937570407,13.0434642521552,6.0937763565758
GDP growth (annual %),NY.GDP.MKTP.KD.ZG,Morocco,MAR,6.17110215278129,4.57138017092682,3.19224971912493,7.79082001843805,3.44106776977779,5.68453935953937,3.74576939856186,3.49955710171204,5.5246452315983,3.06234368406973,4.12221286877295,2.71924407846913,4.34458297635238,0.52118550608968,5.05789816173446,3.06564133025955,2.89097476137077,-7.18707957715962,7.92966793394747,1.07996949104177
GDP growth (annual %),NY.GDP.MKTP.KD.ZG,Mozambique,MOZ,6.87853287195776,7.91640783637942,6.6459082805729,9.69437409174286,7.7297462424838,7.31775532393037,6.31819723248903,6.50235311519791,7.41738431559391,7.25843925258778,6.96360713487071,7.39851279713864,6.72327878035819,3.82421431921188,3.74131759312564,3.44381308335441,2.31444259400897,-1.19854827231968,2.32752362485029,4.14841453242383
GDP growth (annual %),NY.GDP.MKTP.KD.ZG,Myanmar,MMR,12.9863248927921,13.6952873426046,13.5669420088724,13.30686930826,12.5004862939068,11.0742676521013,10.4098444030112,10.0692860939855,7.52005722724248,6.4857540044064,7.89866947823812,8.19966375042618,3.27727941700189,10.5077807807102,5.75006450029507,6.404977325147,6.7504601462238,3.17377440041078,-17.9129448042714,3.00267834086408
GDP growth (annual %),NY.GDP.MKTP.KD.ZG,Namibia,NAM,4.23979429582137,12.2695481036769,2.52926265819022,7.07317531845825,5.37404415167634,2.64981203780268,0.295970914001089,6.03924947955858,5.09133813864338,5.0616820696264,5.61471962254485,6.09251915977956,4.26417453763675,0.0337944502063294,-1.02725082701774,1.05994347072928,-0.839154686169735,-8.1014007802753,3.52465798278794,4.56029396793913
GDP growth (annual %),NY.GDP.MKTP.KD.ZG,Nauru,NRU,..,..,-7.84313725490196,-8.51063829787235,-6.97674418604652,65,-6.06060606060606,-1.61290322580645,9.8360655737705,31.3432835820896,4.54545454545455,15.2173913043478,-5.66037735849056,8,-6.48148148148148,7.92079207920793,8.25688073394495,4.23728813559323,3.2520325203252,2.36220472440945
GDP growth (annual %),NY.GDP.MKTP.KD.ZG,Nepal,NPL,3.94503776051116,4.68260325152944,3.47918104829496,3.36461478056277,3.41156027980276,6.10463914373472,4.5330787246486,4.81641464694573,3.42180870078552,4.67014192318651,3.52515317381989,6.01148284080773,3.97605327398199,0.43311371777699,8.9772793542132,7.62237610768169,6.65705542802834,-2.36962062652862,4.83814961326168,5.61319316507362
GDP growth (annual %),NY.GDP.MKTP.KD.ZG,Netherlands,NLD,0.155645898017013,1.98494571422152,2.05087610813881,3.46098895411502,3.77284252073882,2.17032485133603,-3.66688393735825,1.34273933636553,1.55118931244651,-1.03035399148436,-0.130175288449919,1.42339539510084,1.95916972105708,2.19171371926123,2.91090251315005,2.36091509478513,1.95558841574046,-3.88608391819609,4.86321914933848,4.47824000062991
GDP growth (annual %),NY.GDP.MKTP.KD.ZG,New Caledonia,NCL,..,..,..,..,..,..,..,..,..,..,..,..,..,..,..,4,-1.40000000000001,-2.39999999999999,-2.09999999999997,..
GDP growth (annual %),NY.GDP.MKTP.KD.ZG,New Zealand,NZL,4.72847645436924,4.08895692275048,3.3533157967012,2.79846349197119,3.06511783082671,-1.21071159567889,-0.112067630234833,1.46675116493462,2.22157982285107,2.27303148188469,2.76492098657732,3.81083683791805,3.73643071502539,3.80175804809272,3.52441324940476,3.52518320036963,2.44598315515373,-0.653921432098016,5.16784735916997,2.15697977649043
GDP growth (annual %),NY.GDP.MKTP.KD.ZG,Nicaragua,NIC,2.52073289236674,5.31217061215412,4.28239836333562,4.15319956587842,5.07670170064878,3.43637382878192,-3.29356384667199,4.41048139816023,6.31747638326586,6.49597922902167,4.92679226883017,4.78581617044347,4.79205676554646,4.56233983024946,4.63140971589824,-3.36318653865784,-2.89648807769926,-1.7662584519904,10.3468976209071,3.75110256640487
GDP growth (annual %),NY.GDP.MKTP.KD.ZG,Niger,NER,2.1706103837418,0.363801578722132,7.33186884258517,5.93104997350342,3.14272408386731,7.73141422777337,1.96260090694645,8.57816674262253,2.35775693603874,10.5489445763446,5.31513063394726,6.64213665495603,4.39264883207291,5.74089315058157,5.00135994506591,7.21080300824623,5.94139686297071,3.5502275061626,1.38712917730062,11.5000049156546
GDP growth (annual %),NY.GDP.MKTP.KD.ZG,Nigeria,NGA,7.34719497034284,9.25055822849694,6.43851652509105,6.05942803125548,6.59113036073542,6.764472777848,8.03692510189684,8.00565591528178,5.30792420366642,4.23006117510553,6.67133539288378,6.30971865572383,2.65269329541835,-1.61686894991816,0.805886619542704,1.92275734157302,2.2084292771582,-1.79425308233591,3.64718654100696,3.25168140839833
GDP growth (annual %),NY.GDP.MKTP.KD.ZG,Northern Mariana Islands,MNP,0.343170899107761,-3.07797537619699,-12.7028934368384,-6.87146321746161,-6.68402777777779,-11.0697674418605,-17.5732217573222,1.3959390862944,-7.38423028785982,0.810810810810807,2.68096514745308,4.177545691906,3.38345864661653,29.2121212121212,23.1707317073171,-19.2688499619193,-11.3207547169811,-29.6808510638298,..,..
GDP growth (annual %),NY.GDP.MKTP.KD.ZG,Norway,NOR,0.944909391118713,4.01462698081816,2.68508442513182,2.46150961402363,2.91400334463283,0.481919541231974,-1.94036469505112,0.787051845495441,1.10565602733728,2.71795926678982,1.01619082409272,2.04813199855084,1.85733972643303,1.16472423497285,2.46374628510146,0.828931484017275,1.12374696436403,-1.2781717845226,3.89839906700269,3.28055765442825
GDP growth (annual %),NY.GDP.MKTP.KD.ZG,Oman,OMN,-2.66859110888825,1.29220568072958,2.49022114266498,5.3718888740982,4.45268356538111,8.20007815759141,6.1123956079346,1.71398531148034,2.89460973541192,8.86312225557018,5.22770408145942,1.29225229411081,5.01705799719045,5.04642394571691,0.304057565922449,1.28710391543288,-1.1287110618463,-3.37971439992238,3.09227668737446,4.31125350906991
GDP growth (annual %),NY.GDP.MKTP.KD.ZG,Pakistan,PAK,5.77703399200348,7.54686001519235,6.51877807393943,5.89898444157643,4.83281727691724,1.70140546555248,2.83165851919782,1.60668862898785,2.74840591749019,3.50703341999964,4.39645663353076,4.67470798154832,4.73114747532071,5.52673584476604,4.43262590683975,6.15170261099519,2.49763692943365,-1.27408744338709,6.48708677384843,6.18815547351159
GDP growth (annual %),NY.GDP.MKTP.KD.ZG,Palau,PLW,-3.26338321392616,4.85603027920973,3.95986367865657,-0.405643640893601,2.02114170886298,-5.78191142133305,-6.59047260534193,0.21609349236023,6.68366753808544,1.67259734034882,-3.38730993605576,6.29386586529996,7.53906322541347,-0.0833732240018179,-4.07881092291738,0.108108108108112,0.395968322534188,-9.10720688418787,-13.3333333333333,..
GDP growth (annual %),NY.GDP.MKTP.KD.ZG,Panama,PAN,4.20549594481572,7.52207965784608,7.19127940233516,8.65246561056689,11.9839853947871,9.85565485158462,1.24299231776412,5.82799349428569,11.3136259097045,9.7784900714035,6.90394805143934,5.06642235455794,5.73305429601191,4.95321142279064,5.59114887553636,3.68542993788567,3.28187493392326,-17.6683327053971,15.8357649568554,10.8093662044575
GDP growth (annual %),NY.GDP.MKTP.KD.ZG,Papua New Guinea,PNG,2.16410250222083,2.72117574098235,6.34479592309654,5.40994409107307,7.81518922862388,-0.296457845880582,6.80042148322096,10.1284540720232,1.10754362619616,4.65711959686239,3.82494632800675,13.5437706216546,6.57835632304275,5.48957315278187,3.53461081750459,-0.279252284959952,4.48043062171888,-3.16738117629639,0.0999999999999943,4.59999997896274
GDP growth (annual %),NY.GDP.MKTP.KD.ZG,Paraguay,PRY,4.32074548551591,4.05741836363771,2.13349066459601,4.80711719268376,5.42162287218235,6.4962921197091,-0.261137328080281,11.0952312685521,4.28637120702282,-0.708043112316886,8.29307648940471,5.30123859237025,2.95715173487106,4.26802583314583,4.81007885554041,3.20425034076639,-0.40185510068001,-0.819785390971916,4.01673731778618,0.0754394653709198
GDP growth (annual %),NY.GDP.MKTP.KD.ZG,Peru,PER,4.16502313666112,4.95820320611745,6.28506032509601,7.5288990440594,8.5183877690955,9.1265683014642,1.0958236592427,8.33245910749577,6.32719240161117,6.13972470560435,5.85251821084928,2.38215737180541,3.25224477218451,3.95331871520767,2.51883544233135,3.969351341365,2.24063176875049,-10.8696407826493,13.4175302909947,2.68387143477631
GDP growth (annual %),NY.GDP.MKTP.KD.ZG,Philippines,PHL,5.08691113513073,6.56922851180626,4.94250511877678,5.31641682136939,6.51929155018938,4.34448730509183,1.44832306275669,7.33449996034538,3.85823282795663,6.89695171050985,6.75053130142255,6.34798748260867,6.34830971672761,7.14945675000752,6.9309883258402,6.34148557153473,6.11852566221303,-9.51829474045297,5.7147331320319,7.57033248818529
GDP growth (annual %),NY.GDP.MKTP.KD.ZG,Poland,POL,3.4983912134025,4.98284456986049,3.50683461435921,6.13113645855509,7.06153463356746,4.19998126444942,2.83218405318897,2.93463818052832,5.04218788292943,1.54522157125609,0.85655708060645,3.83695849351797,4.38329863507276,2.95350884167718,5.14001757409446,5.94520847705498,4.45003636363637,-2.02011621505449,6.84776073865233,4.87402357909336
GDP growth (annual %),NY.GDP.MKTP.KD.ZG,Portugal,PRT,-0.930521192623061,1.78873568157121,0.78184821592744,1.62503417629674,2.50657964551773,0.319247925063081,-3.12207942033321,1.73762547590566,-1.69616478061504,-4.05729360769561,-0.922644674527888,0.792190301875365,1.79204604555983,2.01948539561312,3.5063452848124,2.84932593436179,2.68275992118076,-8.30051604221151,5.5027574751908,6.68575118403605
GDP growth (annual %),NY.GDP.MKTP.KD.ZG,Puerto Rico,PRI,0.0534198046896961,8.74867692653547,-1.98693873332242,-1.40941402442895,-1.16280669029354,-1.8441342497794,-1.9524251417231,-0.413254118484915,-0.358510628287519,0.0292751104899338,-0.306826657099961,-1.19036345385329,-1.04944365110551,-1.26300292505279,-2.88595475858821,-4.36060606060606,1.67506310530929,-4.20280671867371,0.432646953579919,3.36097255511649
GDP growth (annual %),NY.GDP.MKTP.KD.ZG,Qatar,QAT,3.71995867654906,19.2189153397893,7.49275848279068,26.1702456703032,17.9856568160263,17.6635563626089,11.9565611289086,19.5923315337859,13.3751764107929,4.73001184360784,5.55604064306607,5.33432329196459,4.75334572438737,3.06419188430156,-1.49760470227838,1.23487220191065,0.774808388372691,-3.64044980532107,1.59099816403854,4.82768910127822
GDP growth (annual %),NY.GDP.MKTP.KD.ZG,Romania,ROU,2.34114732919521,10.4281130180976,4.6681480508487,8.02881107599163,7.23380774362805,9.30746717077338,-5.51739440805439,-3.90123628018621,4.51708696433914,1.92499326240754,0.269963878633803,4.12067496319813,3.16050387041089,2.8575460568877,8.19650650309624,6.02901904128214,3.85316383348211,-3.67751079121797,5.79325451677282,4.79219035098895
GDP growth (annual %),NY.GDP.MKTP.KD.ZG,Russian Federation,RUS,7.29995234453868,7.19994786994475,6.39996544785382,8.200068255056,8.49997776846357,5.19996926498843,-7.79999391343111,4.50000000003065,4.3000291857941,4.02408615720979,1.75542214909368,0.736267221415574,-1.97271922637542,0.193690071729534,1.82579006355112,2.80724541049418,2.19807571380863,-2.65365450092145,5.61429037578345,-2.06971152527731
GDP growth (annual %),NY.GDP.MKTP.KD.ZG,Rwanda,RWA,2.20239896638421,7.44768540202412,9.37789831837912,9.22706996435612,7.63328026687383,11.1612613227583,6.24826204150337,7.33464833286297,7.95837640253889,8.64151754507149,4.7198553877722,6.16716314598148,8.85684722953748,5.97075689041951,3.93661113192903,8.53983645415515,9.46402534021912,-3.37398633227004,10.8767337919042,8.15748772106373
GDP growth (annual %),NY.GDP.MKTP.KD.ZG,Samoa,WSM,5.21262892634149,3.0872602379675,6.63920361300734,2.13212714677351,0.485982550017255,3.55610467395,-0.541677601834593,6.1247199226125,3.84907794660396,-3.73213020890266,0.107293276488932,0.659923768782861,3.8503618166494,7.9838628784713,1.40628239971301,-0.609647103380141,4.45185891688691,-3.10844401053139,-7.08458799747405,-6.02201117230058
GDP growth (annual %),NY.GDP.MKTP.KD.ZG,San Marino,SMR,3.87296669248644,4.5488441461596,2.42510699001426,3.83008356545962,7.10932260228034,-0.500939261114581,-10.3209565764632,-5.47368421052632,-8.3147735708983,-7.04453441295546,-0.78397212543554,-0.702370500438988,2.29150556129265,2.34440586055426,0.258265466328027,1.49390531817373,2.06568514732739,-6.64791081780605,8.46307184451101,..
GDP growth (annual %),NY.GDP.MKTP.KD.ZG,Sao Tome and Principe,STP,8.29151946119818,3.5379059435684,6.61462475033599,8.86610935944026,3.64147185166024,6.2287850696102,2.4262823610057,6.67198365652814,4.39820201461627,3.14197645952099,4.81479265412412,6.54993495501441,3.91133798862562,4.16476897372846,3.84898091798067,2.94526890871829,2.21085583286091,3.02456821061261,1.87792250238419,0.927137395433462
GDP growth (annual %),NY.GDP.MKTP.KD.ZG,Saudi Arabia,SAU,11.2420613854121,7.95844166576319,5.57385012169573,2.7884022241319,1.84713025491796,6.24977275215683,-2.05924918904591,5.03949288842378,10.9937616282548,5.42739426611276,2.85034299106097,4.02765121507389,4.69014507334364,2.36307457927667,-0.0696980156093616,2.76224373755605,0.832280326830841,-4.34138767799323,3.92172411922971,8.7441536283484
GDP growth (annual %),NY.GDP.MKTP.KD.ZG,Senegal,SEN,5.59395094456143,4.64329393683312,4.31023852639633,2.33077098330239,2.82711920133374,3.70316906391386,2.75210448455053,3.39088925336209,1.33409107961258,4.00299555090457,2.41238527605579,6.22407443790986,6.36704365066983,6.35606857181878,7.4074861863013,6.20924103389086,4.61362809749708,1.3420737726679,6.53967372590319,4.15385649424151
GDP growth (annual %),NY.GDP.MKTP.KD.ZG,Serbia,SRB,4.38775702299594,9.02819692829154,5.53034712145433,5.10779014122984,6.43952555416212,5.6555766215919,-2.73175198917728,0.73104455254213,2.0362766886403,-0.68154236933475,2.89263673355808,-1.58951031990257,1.80605926509682,3.33858676542988,2.10116384741241,4.4951212927627,4.33173490608283,-0.903218501520755,7.54991253537386,2.25144856461867
GDP growth (annual %),NY.GDP.MKTP.KD.ZG,Seychelles,SYC,-5.88712848764477,-2.8504539768538,9.0057617374238,9.40612855732827,8.87606645570879,-2.72594626154864,-2.47937594726137,4.50513204312067,9.5097833517957,3.1106784939243,1.25373496242949,4.0636918123521,4.19458692437438,5.10482682890945,2.78394475095065,3.70943431160025,4.87694619885764,-8.64920645543945,5.40000000000001,8.80000017265998
GDP growth (annual %),NY.GDP.MKTP.KD.ZG,Sierra Leone,SLE,9.48363148565836,6.47884601647948,4.35349994988402,4.28311044472468,7.97656533438349,5.43589304424921,3.20943156226375,6.63749245827168,6.00983104607886,15.2017482734639,21.0790141636427,4.55925353270443,-20.4910741068,6.34672785193587,3.75380321400363,3.47290262012461,5.25374631307365,-1.96848689118619,4.10470008884118,3.50074170696743
GDP growth (annual %),NY.GDP.MKTP.KD.ZG,Singapore,SGP,4.54825542643229,9.93998268434957,7.36632239250758,9.00676607871758,9.02151951268893,1.86348345462035,0.127953382778088,14.5197497108994,6.21493416858989,4.43549759378537,4.81763099120676,3.93554027709007,2.97679931634806,3.60165603913242,4.54472821784424,3.57543271019112,1.33126132689951,-3.90105340221118,8.88235399664532,3.64697207108541
GDP growth (annual %),NY.GDP.MKTP.KD.ZG,Sint Maarten (Dutch part),SXM,..,..,..,..,..,..,..,3.19999402154461,4.60000299641928,1.39054666984961,1.30672788274767,1.5803846377317,0.400000000000006,0.500001936998331,-5.80000325383969,-6.59999773733001,8.80000000000001,-16.5,7.30000000000028,9.69999999999958
GDP growth (annual %),NY.GDP.MKTP.KD.ZG,Slovak Republic,SVK,5.49908307699157,5.27888071780144,6.62346125850533,8.49317674533845,10.8320288129653,5.574886345113,-5.45553286715979,6.71663274983085,2.67145277909515,1.31880224556281,0.632740007294188,2.69718980707125,5.16718160614154,1.94395086102337,2.93806867784903,4.03038971425349,2.50972314411537,-3.33624467219524,4.86326376553154,1.6687029395207
GDP growth (annual %),NY.GDP.MKTP.KD.ZG,Slovenia,SVN,2.96026028579455,4.35919277843995,3.79797264198646,5.746396900645,6.98016075450694,3.50984151699558,-7.54843779134178,1.34374847220215,0.861327732719303,-2.63943875676689,-1.02928277204056,2.76815883065036,2.21008160650594,3.19185251782498,4.81538063231366,4.45436574721896,3.45107924423903,-4.3213699045107,8.21106259181281,5.37455265359475
GDP growth (annual %),NY.GDP.MKTP.KD.ZG,Solomon Islands,SLB,6.52346685055139,7.6832999660031,7.35784193356017,4.13828031825385,3.63967242948135,6.22596954376191,2.86426790167438,9.70838816928725,7.42994961675907,2.47187841602312,5.23170451938518,1.18921747092358,1.67614615649777,5.55473153366954,3.07534803424636,2.74599542334096,1.74951428706819,-3.38111604772683,-0.569742892674313,-4.06243940275354
GDP growth (annual %),NY.GDP.MKTP.KD.ZG,Somalia,SOM,..,..,..,..,..,..,..,..,..,..,..,7.794200252821,15.049941474336,8.53229303977403,2.34958276250748,7.53096925285324,7.45652154333887,2.48937434554443,4.04911048809238,4.79877898924205
GDP growth (annual %),NY.GDP.MKTP.KD.ZG,South Africa,ZAF,2.94907546754213,4.55455990721774,5.27705197295467,5.60380645895889,5.36047405394162,3.1910438863288,-1.53808913525583,3.03973288127956,3.16855627858818,2.39623238465745,2.48546800826588,1.41382645223793,1.32186223678229,0.664552307858116,1.15794695181735,1.5223293868265,0.303453235238081,-6.34247114929317,4.9130966839178,2.04229935251898
GDP growth (annual %),NY.GDP.MKTP.KD.ZG,South Sudan,SSD,..,..,..,..,..,..,5.04164187983342,5.49341639529945,-4.64031673600859,-46.0821223743007,13.1297311406943,3.37364847715736,-10.7933646271143,..,..,..,..,..,..,..
GDP growth (annual %),NY.GDP.MKTP.KD.ZG,Spain,ESP,2.98193631644672,3.12273351662624,3.65208419190144,4.10268574072705,3.60473846199818,0.887067045576416,-3.7631070424473,0.162919517758226,-0.814384776648922,-2.95892213230024,-1.40334186790638,1.39577536727975,3.83851887667484,3.03777414172446,2.97576072924863,2.28446941947622,1.9839662230883,-11.3254383222864,5.5195949732682,5.45173962343239
GDP growth (annual %),NY.GDP.MKTP.KD.ZG,Sri Lanka,LKA,5.9402690780223,5.44506127885352,6.24174804376447,7.66829190107919,6.79682611892866,5.95008814473897,3.53891205317842,8.01596737040464,8.66948301160571,8.6321813769906,4.0517463303875,6.37797889684965,4.20595547501601,5.05362488993089,6.46068127080994,2.31008425504933,-0.220483886824823,-4.62451581705935,3.51222455549778,-7.82397732646906
GDP growth (annual %),NY.GDP.MKTP.KD.ZG,St. Kitts and Nevis,KNA,-3.93339486032939,3.99634666125431,9.73282070298016,3.15038119968223,0.600602326543751,11.1785279683724,-3.37930611341334,0.0439776540971621,1.61660730423688,-0.525762355415353,5.70982297813258,7.58147888339975,0.714014853728685,3.93000468349665,0.00751065850803911,2.05202286602875,4.04706350889801,-14.5305297142572,-0.880100861116389,9.00000000000001
GDP growth (annual %),NY.GDP.MKTP.KD.ZG,St. Lucia,LCA,4.26461148738223,7.2674088699471,-0.410304726290235,6.19525729141048,1.69161857433913,4.94932194028057,-2.82889954830628,0.33043025099056,4.32713022425573,-0.110132158590304,-2.00425263821074,1.32800257162373,0.101120253792004,3.42867329556708,3.38778558706933,2.8803763938799,-0.649970292216565,-24.3657122145705,12.2319396190248,15.4
GDP growth (annual %),NY.GDP.MKTP.KD.ZG,St. Martin (French part),MAF,..,..,..,..,..,..,..,..,..,..,..,..,..,..,..,..,..,..,..,..
GDP growth (annual %),NY.GDP.MKTP.KD.ZG,St. Vincent and the Grenadines,VCT,6.69133665352797,4.11469880444737,2.48855733938132,6.99692626758825,3.3229685982929,0.404640808638888,-1.3781936056056,-4.47046793507802,-0.60627665148327,1.16911218376478,2.4624841721544,1.14575610775364,2.78522266832091,4.14956531557141,1.54812854582529,3.17537501336793,0.662073229382656,-3.73939308658035,0.753734825330426,4.95299328443757
GDP growth (annual %),NY.GDP.MKTP.KD.ZG,Sudan,SDN,6.28880816146516,5.14088851762675,5.64351551343631,6.5314117467792,5.73527423664484,3.84674473121058,-2.76770436599138,3.85824195230107,-3.21353209253371,-17.0046884048945,1.95514463302422,4.66137954229873,1.91017689052751,3.46764218409288,0.70925628476644,-2.6809305497999,-2.17825104530091,-3.62980082410752,-1.8685204827207,-0.953407030476754
GDP growth (annual %),NY.GDP.MKTP.KD.ZG,Suriname,SUR,6.29999943314137,8.50000018479413,4.50000021086888,5.79354358463304,5.11148777773458,4.14340681165626,3.01369898266211,5.16882515225814,5.84936767173009,2.69034974668847,2.9334416518612,0.255503031645475,-3.41109601307089,-4.91578646874108,1.56719106520956,4.94827076559268,1.16879788192881,-15.9751963934378,-2.72961882709443,1.8877187202435
GDP growth (annual %),NY.GDP.MKTP.KD.ZG,Eswatini,SWZ,3.88021358597126,3.62391422596625,5.99877654987925,5.9921668378351,4.43537557686975,0.821663913800052,1.56504885243515,3.79375496828149,2.247229761068,5.39663069666727,3.86121379766622,0.923230547144357,2.22748067532406,1.06261019342853,2.0265781557498,2.38009547557819,2.69216829254752,-1.55964258999499,7.88330640157318,3.91454097653912
GDP growth (annual %),NY.GDP.MKTP.KD.ZG,Sweden,SWE,2.30981059032811,4.33685615384474,2.85880323990261,4.66277355175126,3.43922177600065,-0.450559256743361,-4.33979057452935,5.95210700755608,3.1953332348894,-0.588304568990736,1.187775715906,2.65779827531642,4.48928158790491,2.07059315052096,2.56792452526476,1.95002284569983,1.98619587380391,-2.17021317885872,5.38584018366288,2.6422167398257
GDP growth (annual %),NY.GDP.MKTP.KD.ZG,Switzerland,CHE,-0.0323984765377787,2.70170920967028,2.74969898498485,4.07362844994275,3.9163758177818,2.80798363168692,-2.29737463071545,3.24339733550173,1.81310819203695,1.17925383325108,1.79214405707484,2.34988127508626,1.64462768699285,2.0686896670996,1.36279955711416,2.86044579461633,1.14198232505277,-2.37556327967653,4.22171657654073,2.05923242019972
GDP growth (annual %),NY.GDP.MKTP.KD.ZG,Syrian Arab Republic,SYR,7.20443505274413,6.90295943489203,6.21507783539282,5.04619555585526,5.67459177685805,4.47667273608019,5.91204279337705,5.19190584075331,2.8500028435797,-26.3390170772532,-26.3000876615061,-10.310339909053,-4.179791613232,-6.4055907393619,-0.723281777470547,1.39317607830837,1.22070522070523,-3.87368168638868,..,..
GDP growth (annual %),NY.GDP.MKTP.KD.ZG,Tajikistan,TJK,10.9999990780572,10.2999989410117,6.69999851655409,7.00000321108996,7.80000011872161,7.89999827154939,3.90000114826496,6.49999908585235,7.40000059956711,7.49999946321525,7.39999974700379,6.70000069016253,6.01930331771186,6.89999999999999,7.09999999999999,7.60000000000001,7.39999999999996,4.40000000000008,9.39999999999995,7.99999999999999
GDP growth (annual %),NY.GDP.MKTP.KD.ZG,Tanzania,TZA,6.67278982908314,7.50381466047716,7.47631925782292,6.5322213903017,6.76853520180663,5.68641685976419,5.26910524791853,6.33652342747494,7.67215543499384,4.50015355982126,6.78158560065316,6.73246186832483,6.16062877406682,6.86711619644551,6.77290596953031,5.45758290393921,5.79999999996723,1.99196460647855,4.32138429480482,4.55802733858587
GDP growth (annual %),NY.GDP.MKTP.KD.ZG,Thailand,THA,7.18924330340971,6.28934214285795,4.18763842884337,4.96781089246107,5.43515169050809,1.72569884866334,-0.690618232300579,7.51339053261624,0.840132083053334,7.24279620249642,2.68749556320556,0.984468863619426,3.13404724911635,3.43515771692182,4.1776810321001,4.22287028746071,2.11455779628278,-6.0669259685517,1.49209523545821,2.5947334334048
GDP growth (annual %),NY.GDP.MKTP.KD.ZG,Timor-Leste,TLS,-2.18227228465521,0.400002623857972,2.98765053828242,-4.1194054207953,10.2624198386592,11.3905422476413,10.1443055027166,9.32942855959875,5.95604732776135,4.85859846757619,3.10288492718347,4.47196009907628,2.76321926703736,3.38297706472279,-3.05764876280608,-0.690256532975013,23.5137925111191,31.9144886243049,5.29144215178479,-17.4911943120102
GDP growth (annual %),NY.GDP.MKTP.KD.ZG,Togo,TGO,6.72017142301212,-0.978665335392634,-4.66629938241918,2.65013209953145,-1.17512039095251,4.06225282721692,5.53791097300417,6.09925916267453,6.39819905306554,6.54350702926607,6.11234307664826,5.92058857323032,5.74286845286585,5.55907930535146,4.34774823822544,5.13847230831597,4.92292591740069,1.97574291923675,5.99157204662151,5.81053995598886
GDP growth (annual %),NY.GDP.MKTP.KD.ZG,Tonga,TON,2.30804549370431,-2.41070060920023,0.0810338937330641,-0.148635322896695,0.271095291096827,4.75016965581759,-5.19910903711188,0.803490182523831,6.81827614447295,0.823102717964815,0.312307909294702,2.01870046039205,1.17188825589601,6.57100050107448,3.32243254438831,0.241227960275054,0.706483433860413,0.488645323313833,-2.66750617523127,..
GDP growth (annual %),NY.GDP.MKTP.KD.ZG,Trinidad and Tobago,TTO,14.4409895389734,7.95005151069972,6.20893787954175,13.2080586051735,4.75420970092722,3.39173707807387,-4.3917292474614,3.32322471027371,-0.294354409043763,6.61011974583691,3.84380132198199,3.32294440116345,-0.755621967028887,-6.76443921509089,-4.70699886260012,-0.870967878512303,0.110394084822389,-7.67833117665977,-1.02654015457264,2.48095173553391
GDP growth (annual %),NY.GDP.MKTP.KD.ZG,Tunisia,TUN,4.70239953285241,6.23579072222647,3.4865455430439,5.24409983246916,6.70952097453554,4.23778147502819,3.04345012371552,2.97113275066512,-2.04663389535644,4.21667711535632,2.42993096446429,3.09032803070775,0.967703108220121,1.11742594891074,2.23783867965943,2.6248283182041,1.58801280656924,-8.81787876669556,4.40536200269952,2.52176144892499
GDP growth (annual %),NY.GDP.MKTP.KD.ZG,Turkiye,TUR,5.76320606654714,9.79593638920282,8.99230493626517,6.94798808571993,5.04350793157104,0.815024573007705,-4.82315395301769,8.42710432276191,11.2001105833504,4.78849271108008,8.48581699653026,4.9397151613658,6.08448690443663,3.32308420845746,7.50199748917491,2.97988525813022,0.783610198384551,1.9400322454902,11.3534964080772,5.56586003977017
GDP growth (annual %),NY.GDP.MKTP.KD.ZG,Turkmenistan,TKM,3.26882855955344,5.00040743766748,13.034034870022,10.9733083254017,11.05929947045,14.7,6.10000011485643,9.19999998805483,14.6999999278723,11.0999999615545,10.200000101399,10.2999999705459,6.49999990951666,6.1999999664301,6.50000004682975,6.19999994137119,6.30000004226711,-3.40000000000001,..,..
GDP growth (annual %),NY.GDP.MKTP.KD.ZG,Turks and Caicos Islands,TCA,..,..,..,..,..,..,..,..,..,-0.97229935533214,1.07087701348118,8.71129658152685,11.3148341336331,7.25118054973062,-2.49021899245794,5.61095637443547,5.32455148316902,-26.7828769274205,8.97450849155436,-0.499484665318278
GDP growth (annual %),NY.GDP.MKTP.KD.ZG,Tuvalu,TUV,-4.34782608695652,-2.27272727272727,-4.65116279069767,2.4390243902439,7.14285714285714,6.66666666666667,-6.25,-2.22222222222223,6.81818181818181,-2.12765957446808,4.34782608695652,0,10.4166666666667,5.66037735849056,2.4484779857259,1.38725073701505,13.8219844304343,-4.27483167471405,1.80406238690082,0.677334627842029
GDP growth (annual %),NY.GDP.MKTP.KD.ZG,Uganda,UGA,6.47325867144963,6.8072333442985,6.33256511621872,10.7847443862972,8.41242596545275,8.70875190133074,6.80151734798953,5.63761163805265,9.39165549281067,3.83745560591568,3.58690582633201,5.10630732438464,5.18785986246098,4.78100029146333,3.13140551787743,6.30392378088412,6.43874503364799,2.95130642159407,3.53658034070898,4.65013371219401
GDP growth (annual %),NY.GDP.MKTP.KD.ZG,Ukraine,UKR,9.51660986436364,11.7953525281136,3.07123039245209,7.57142076322967,8.21584445165715,2.24349159628288,-15.1364679101502,4.09200436668087,5.44528081048476,0.152314967200653,0.045439094492707,-10.0788949840953,-9.7729872128676,2.44098194492067,2.35997228099491,3.48836234022659,3.19950386354134,-3.75280409994949,3.4456255827111,-29.1
GDP growth (annual %),NY.GDP.MKTP.KD.ZG,United Arab Emirates,ARE,8.80054081486432,9.56643663716162,4.85514119630905,9.83731977348489,3.1843901736724,3.19183627610384,-5.2429219066759,1.60285004831249,6.92850859456968,4.77662573440196,5.05555965807969,4.16569184064922,6.78677287656618,5.56149075979933,0.735068713941203,1.31391388153578,1.10834813453296,-4.95705243303316,3.91629607562494,7.41110320184745
GDP growth (annual %),NY.GDP.MKTP.KD.ZG,United Kingdom,GBR,3.12305331258689,2.34497148161661,2.66833765676094,2.16040532059112,2.56346046050109,-0.154344314706506,-4.51048560011785,2.43007289502704,1.06761091403658,1.44845675688505,1.81986337468368,3.19970262614801,2.393103183986,2.16520621052183,2.44357046987986,1.70502102232903,1.60430864787399,-11.0308584551979,7.59747097228198,4.10162138081358
GDP growth (annual %),NY.GDP.MKTP.KD.ZG,United States,USA,2.7962091006717,3.85255260064351,3.48322032025258,2.78281062584327,2.01050755163328,0.122188442974647,-2.59988835108558,2.70885669419681,1.54989495017045,2.28068760319185,1.84187539518688,2.28777593255359,2.70636958176399,1.66747207596187,2.24192121597748,2.9453848312678,2.29443907769311,-2.76780251140578,5.94548476122172,2.06159311851432
GDP growth (annual %),NY.GDP.MKTP.KD.ZG,Uruguay,URY,0.805283915893824,5.00416035564457,7.4601321302473,4.09857735445401,6.54151084504817,7.17614466455107,4.24349419462426,7.8034096507169,5.16213302463606,3.53817872056869,4.63753862902416,3.23879122952364,0.370741257681345,1.68979815933486,1.74037649262446,0.156000001137912,0.744431644977666,-6.26297681887324,5.27655886746021,4.92187446326928
GDP growth (annual %),NY.GDP.MKTP.KD.ZG,Uzbekistan,UZB,4.23262738153407,7.44900060514632,6.95000719671512,7.45141847578361,9.47300530488471,9.02916101721996,8.05093332828261,7.59716796085495,7.52513989422977,7.10244488706955,7.29655036964023,6.87383844082959,7.21877350826054,5.93215079992144,4.39527463345708,5.87974287282617,5.98156194357817,1.99558507835501,7.40336813612439,5.66881705490789
GDP growth (annual %),NY.GDP.MKTP.KD.ZG,Vanuatu,VUT,4.28833511695458,3.98739280216962,5.30532647259227,8.46069747205426,2.8758922877538,5.60099182147214,3.03730354099602,1.25886720329326,3.13980290023412,1.01004768692042,0.463390415135095,3.13686729438693,0.366522075389213,4.68875636558563,6.31730538443077,2.90023027256446,3.24118765540442,-4.99249142889525,0.648653484834938,1.8489710653807
GDP growth (annual %),NY.GDP.MKTP.KD.ZG,"Venezuela, RB",VEN,-7.75530004959883,18.2866066891245,10.3179138043148,9.87214910851037,8.7535788078585,5.27785412398782,-3.20230265749002,-1.48879125078348,4.17642535923927,5.62595697508641,1.34309403607476,-3.89438647450662,..,..,..,..,..,..,..,..
GDP growth (annual %),NY.GDP.MKTP.KD.ZG,Vietnam,VNM,6.89906349173721,7.53641061182286,7.5472477272256,6.97795481183493,7.12950448396103,5.66177120802571,5.39789754276931,6.42323821717194,6.41317768937854,5.50454561980331,5.5535002447951,6.42224665601026,6.98716672377549,6.69000921330894,6.94018778219049,7.464991257446,7.3592809998546,2.86541194612104,2.56155114232494,8.01979845814972
GDP growth (annual %),NY.GDP.MKTP.KD.ZG,Virgin Islands (U.S.),VIR,-0.396080883885759,3.28589367936377,3.4853090172239,3.50499314666143,4.01059402194477,1.21862495452891,-6.59478885893981,0.596383224317051,-8.20424555364315,-14.8125,-6.28515529469308,-1.77453027139875,-0.425079702444208,1.6008537886873,-0.735294117647058,1.9047619047619,2.77777777777777,-2.14700681990402,..,..
GDP growth (annual %),NY.GDP.MKTP.KD.ZG,West Bank and Gaza,PSE,14.0158654945752,21.9252394933447,11.2906511829271,-0.996556103477076,3.78828152085981,7.42918225547835,8.59349087893864,5.77736205629419,9.60080848913594,6.09645656326154,4.69856986552234,-0.157866650855297,3.72129967114788,8.86461881995935,1.41936756294787,1.22707737782703,1.36268746558062,-11.3184661065134,7.01198227592003,3.93297695999789
GDP growth (annual %),NY.GDP.MKTP.KD.ZG,"Yemen, Rep.",YEM,3.74739818489111,3.972696401183,5.59174807563268,3.17040935922364,3.33842795605096,3.64756947012633,3.86622951587742,7.70230703961865,-12.7148968954117,2.3929902093532,4.82351906650533,-0.188690232450909,-27.9945462536875,-9.37512381761694,-5.07179563883867,0.752447587579127,..,..,..,..
GDP growth (annual %),NY.GDP.MKTP.KD.ZG,Zambia,ZMB,6.94497398221223,7.03239511515218,7.23559900655543,7.90369444480079,8.35243624447406,7.77389581542363,9.2203484058663,10.2982233241213,5.56460233670752,7.59759321053191,5.05723173979734,4.69799236252986,2.92037511217961,3.77667914626731,3.50433609558682,4.03449389667165,1.44130602603785,-2.78505506545167,4.59873403412685,4.74494249434159
GDP growth (annual %),NY.GDP.MKTP.KD.ZG,Zimbabwe,ZWE,-16.9950747276622,-5.80753802273949,-5.71108370650353,-3.46149518781378,-3.65332683535506,-17.6689463301054,12.0195599748423,21.4520609184971,14.6202072551987,15.7448770803376,3.1967308868621,1.48454262162193,2.02364999592871,0.900955396308504,4.08026390333053,5.00986678330221,-6.33244640703352,-7.81695064681365,8.46801689759531,3.40000000028282
,,,,,,,,,,,,,,,,,,,,,,,
,,,,,,,,,,,,,,,,,,,,,,,
,,,,,,,,,,,,,,,,,,,,,,,
Data from database: World Development Indicators,,,,,,,,,,,,,,,,,,,,,,,
Last Updated: 06/29/2023,,,,,,,,,,,,,,,,,,,,,,,
